block,family,magnitude,store_id,dept_id,date,window_position,original_actual_sales,injected_actual_sales,expected_sales,prior_robust_scale,prior_residual_median,prior_sales_robust_scale,score_before,score_after,detected,direction_correct,config,if_score_after,if_score_before,if_score_increase,enters_training_top5pct,enters_training_top2pct,synthetic
anomaly_lockbox,one_day_positive_spike,2,CA_1,FOODS_1,2016-04-26,1,259.0,432.4642,257.97972058741766,52.53165857065065,-25.684189124220666,86.73209999999999,0.5083499981423154,3.810438771271481,True,True,IF-3,0.5575473242322275,0.40636775036730965,0.15117957386491787,False,False,True
anomaly_lockbox,one_day_positive_spike,4,CA_1,FOODS_1,2016-04-26,1,259.0,605.9284,257.97972058741766,52.53165857065065,-25.684189124220666,86.73209999999999,0.5083499981423154,7.112527544400646,True,True,IF-3,0.6555747290446233,0.40636775036730965,0.24920697867731367,True,True,True
anomaly_lockbox,one_day_negative_drop,2,CA_1,FOODS_1,2016-04-27,1,268.0,94.53580000000002,282.305536568364,52.53165857065065,-25.684189124220666,86.73209999999999,0.2166056215520652,-3.0854831515770997,True,True,IF-3,0.5847824725617761,0.399943547134212,0.18483892542756408,True,False,True
anomaly_lockbox,one_day_negative_drop,4,CA_1,FOODS_1,2016-04-27,1,268.0,0.0,282.305536568364,52.53165857065065,-25.684189124220666,86.73209999999999,0.2166056215520652,-4.885079862822326,True,True,IF-3,0.6288676765237469,0.399943547134212,0.22892412938953488,True,True,True
anomaly_lockbox,two_day_positive_sustained_spike,2,CA_1,FOODS_1,2016-04-28,1,328.0,501.4642,284.93511797028964,52.53165857065065,-25.684189124220666,86.73209999999999,1.308716934217284,4.610805707346449,True,True,IF-3,0.6068561657580951,0.41249495536553754,0.19436121039255755,True,False,True
anomaly_lockbox,two_day_positive_sustained_spike,2,CA_1,FOODS_1,2016-04-29,2,387.0,560.4642,347.99429032077285,52.53165857065065,-25.684189124220666,86.73209999999999,1.231445961608948,4.533534734738113,True,True,IF-3,0.590355033567318,0.41121076891530095,0.17914426465201705,True,False,True
anomaly_lockbox,two_day_positive_sustained_spike,4,CA_1,FOODS_1,2016-04-28,1,328.0,674.9284,284.93511797028964,52.53165857065065,-25.684189124220666,86.73209999999999,1.308716934217284,7.9128944804756145,True,True,IF-3,0.6911225240624881,0.41249495536553754,0.27862756869695054,True,True,True
anomaly_lockbox,two_day_positive_sustained_spike,4,CA_1,FOODS_1,2016-04-29,2,387.0,733.9284,347.99429032077285,52.53165857065065,-25.684189124220666,86.73209999999999,1.231445961608948,7.835623507867279,True,True,IF-3,0.6708329024436913,0.41121076891530095,0.25962213352839036,True,True,True
anomaly_lockbox,two_day_negative_sustained_drop,2,CA_1,FOODS_1,2016-04-30,1,455.0,281.5358,375.2980554298477,52.53165857065065,-25.684189124220666,86.73209999999999,2.006145181055677,-1.295943592073488,False,True,IF-3,0.5679170354072623,0.569989313825748,-0.0020722784184856735,False,False,True
anomaly_lockbox,two_day_negative_sustained_drop,2,CA_1,FOODS_1,2016-05-01,2,403.0,229.53580000000002,344.5545284963214,52.53165857065065,-25.684189124220666,86.73209999999999,1.6015039866817071,-1.7005847864474577,False,True,IF-3,0.6311903930899105,0.6040778552465295,0.02711253784338108,True,True,True
anomaly_lockbox,two_day_negative_sustained_drop,4,CA_1,FOODS_1,2016-04-30,1,455.0,108.07160000000005,375.2980554298477,52.53165857065065,-25.684189124220666,86.73209999999999,2.006145181055677,-4.598032365202652,True,True,IF-3,0.6734948192476675,0.569989313825748,0.1035055054219195,True,True,True
anomaly_lockbox,two_day_negative_sustained_drop,4,CA_1,FOODS_1,2016-05-01,2,403.0,56.071600000000046,344.5545284963214,52.53165857065065,-25.684189124220666,86.73209999999999,1.6015039866817071,-5.002673559576622,True,True,IF-3,0.7009476550158942,0.6040778552465295,0.09686979976936472,True,True,True
anomaly_lockbox,three_day_positive_sustained_spike,2,CA_1,FOODS_1,2016-05-02,1,262.0,435.4642,280.03527591414326,52.53165857065065,-25.684189124220666,86.73209999999999,0.1456057816981024,3.447694554827268,True,True,IF-3,0.5900116838435226,0.44192530857883977,0.14808637526468288,True,False,True
anomaly_lockbox,three_day_positive_sustained_spike,2,CA_1,FOODS_1,2016-05-03,2,332.0,505.4642,279.071236151888,52.53165857065065,-25.684189124220666,86.73209999999999,1.4964871681446128,4.7985759412737785,True,True,IF-3,0.6216650410617941,0.4689618511032938,0.1527031899585003,True,False,True
anomaly_lockbox,three_day_positive_sustained_spike,2,CA_1,FOODS_1,2016-05-04,3,272.0,445.4642,270.770207792609,52.53165857065065,-25.684189124220666,86.73209999999999,0.512338313008233,3.8144270861373983,True,True,IF-3,0.6055220292909388,0.4438725333167514,0.16164949597418737,True,False,True
anomaly_lockbox,three_day_positive_sustained_spike,4,CA_1,FOODS_1,2016-05-02,1,262.0,608.9284,280.03527591414326,52.53165857065065,-25.684189124220666,86.73209999999999,0.1456057816981024,6.749783327956433,True,True,IF-3,0.6733244772036033,0.44192530857883977,0.23139916862476356,True,True,True
anomaly_lockbox,three_day_positive_sustained_spike,4,CA_1,FOODS_1,2016-05-03,2,332.0,678.9284,279.071236151888,52.53165857065065,-25.684189124220666,86.73209999999999,1.4964871681446128,8.100664714402944,True,True,IF-3,0.6856290460783839,0.4689618511032938,0.21666719497509013,True,True,True
anomaly_lockbox,three_day_positive_sustained_spike,4,CA_1,FOODS_1,2016-05-04,3,272.0,618.9284,270.770207792609,52.53165857065065,-25.684189124220666,86.73209999999999,0.512338313008233,7.116515859266563,True,True,IF-3,0.6811507615606018,0.4438725333167514,0.23727822824385042,True,True,True
anomaly_lockbox,three_day_negative_sustained_drop,2,CA_1,FOODS_1,2016-05-05,1,311.0,137.53580000000002,264.92798138013563,52.53165857065065,-25.684189124220666,86.73209999999999,1.3659612069468354,-1.9361275661823294,False,True,IF-3,0.6434816123487515,0.5978854221632894,0.045596190185462016,True,True,True
anomaly_lockbox,three_day_negative_sustained_drop,2,CA_1,FOODS_1,2016-05-06,2,424.0,250.53580000000002,320.4742263861575,52.53165857065065,-25.684189124220666,86.73209999999999,2.4596589229004953,-0.8424298502286693,False,True,IF-3,0.4494011269367047,0.525758612451324,-0.07635748551461935,False,False,True
anomaly_lockbox,three_day_negative_sustained_drop,2,CA_1,FOODS_1,2016-05-07,3,474.0,300.5358,374.2248428807283,52.53165857065065,-25.684189124220666,86.73209999999999,2.388261662722111,-0.9138271104070544,False,True,IF-3,0.45439052996279533,0.5062893669449975,-0.05189883698220216,False,False,True
anomaly_lockbox,three_day_negative_sustained_drop,4,CA_1,FOODS_1,2016-05-05,1,311.0,0.0,264.92798138013563,52.53165857065065,-25.684189124220666,86.73209999999999,1.3659612069468354,-4.5542782917115066,True,True,IF-3,0.6974573459362214,0.5978854221632894,0.099571923772932,True,True,True
anomaly_lockbox,three_day_negative_sustained_drop,4,CA_1,FOODS_1,2016-05-06,2,424.0,77.07160000000005,320.4742263861575,52.53165857065065,-25.684189124220666,86.73209999999999,2.4596589229004953,-4.144518623357834,True,True,IF-3,0.6242080189222159,0.525758612451324,0.09844940647089184,True,False,True
anomaly_lockbox,three_day_negative_sustained_drop,4,CA_1,FOODS_1,2016-05-07,3,474.0,127.07160000000005,374.2248428807283,52.53165857065065,-25.684189124220666,86.73209999999999,2.388261662722111,-4.215915883536218,True,True,IF-3,0.6263529376914773,0.5062893669449975,0.12006357074647978,True,False,True
anomaly_lockbox,one_day_positive_spike,2,CA_1,FOODS_2,2016-05-08,1,539.0,782.1464,559.3500832523365,64.22584752736994,-1.3018993399340673,121.5732,-0.2965812775656253,3.489221625173537,True,True,IF-3,0.6714283291149475,0.574399508271568,0.09702882084337949,True,True,True
anomaly_lockbox,one_day_positive_spike,4,CA_1,FOODS_2,2016-05-08,1,539.0,1025.2928,559.3500832523365,64.22584752736994,-1.3018993399340673,121.5732,-0.2965812775656253,7.2750245279126995,True,True,IF-3,0.7345124589320823,0.574399508271568,0.16011295066051423,True,True,True
anomaly_lockbox,one_day_negative_drop,2,CA_1,FOODS_2,2016-05-09,1,617.0,373.85360000000003,586.0444058104686,64.22584752736994,-1.3018993399340673,121.5732,0.5022509592531096,-3.283551943486053,True,True,IF-3,0.6194362927335657,0.4564616157823978,0.1629746769511679,True,False,True
anomaly_lockbox,one_day_negative_drop,4,CA_1,FOODS_2,2016-05-09,1,617.0,130.7072,586.0444058104686,64.22584752736994,-1.3018993399340673,121.5732,0.5022509592531096,-7.069354846225216,True,True,IF-3,0.6943254121743546,0.4564616157823978,0.23786379639195682,True,True,True
anomaly_lockbox,two_day_positive_sustained_spike,2,CA_1,FOODS_2,2016-05-10,1,627.0,870.1464,514.863327624213,64.22584752736994,-1.3018993399340673,121.5732,1.766244838845904,5.552047741585066,True,True,IF-3,0.6738341349111857,0.5046340679085839,0.16920006700260182,True,True,True
anomaly_lockbox,two_day_positive_sustained_spike,2,CA_1,FOODS_2,2016-05-11,2,446.0,689.1464,455.478439612036,64.22584752736994,-1.3018993399340673,121.5732,-0.1273091844933219,3.6584937182458397,True,True,IF-3,0.5974639010087403,0.4024325374110564,0.19503136359768386,True,False,True
anomaly_lockbox,two_day_positive_sustained_spike,4,CA_1,FOODS_2,2016-05-10,1,627.0,1113.2928,514.863327624213,64.22584752736994,-1.3018993399340673,121.5732,1.766244838845904,9.337850644324229,True,True,IF-3,0.7271409172272375,0.5046340679085839,0.2225068493186536,True,True,True
anomaly_lockbox,two_day_positive_sustained_spike,4,CA_1,FOODS_2,2016-05-11,2,446.0,932.2927999999999,455.478439612036,64.22584752736994,-1.3018993399340673,121.5732,-0.1273091844933219,7.444296620985002,True,True,IF-3,0.7015920866218152,0.4024325374110564,0.29915954921075877,True,True,True
anomaly_lockbox,two_day_negative_sustained_drop,2,CA_1,FOODS_2,2016-05-12,1,457.0,213.8536,452.1084839270899,64.22584752736994,-1.3018993399340673,121.5732,0.0964318206965638,-3.6893710820425993,True,True,IF-3,0.611238977808807,0.40164261972937115,0.20959635807943583,True,False,True
anomaly_lockbox,two_day_negative_sustained_drop,2,CA_1,FOODS_2,2016-05-13,2,545.0,301.85360000000003,489.7605615330892,64.22584752736994,-1.3018993399340673,121.5732,0.8803517584217112,-2.9054511443174507,False,True,IF-3,0.5849202512744344,0.4155621912284317,0.16935806004600268,True,False,True
anomaly_lockbox,two_day_negative_sustained_drop,4,CA_1,FOODS_2,2016-05-12,1,457.0,0.0,452.1084839270899,64.22584752736994,-1.3018993399340673,121.5732,0.0964318206965638,-7.01908346783659,True,True,IF-3,0.6962045641044374,0.40164261972937115,0.2945619443750663,True,True,True
anomaly_lockbox,two_day_negative_sustained_drop,4,CA_1,FOODS_2,2016-05-13,2,545.0,58.7072,489.7605615330892,64.22584752736994,-1.3018993399340673,121.5732,0.8803517584217112,-6.691254047056614,True,True,IF-3,0.6784879119862625,0.4155621912284317,0.26292572075783077,True,True,True
anomaly_lockbox,three_day_positive_sustained_spike,2,CA_1,FOODS_2,2016-05-14,1,611.0,854.1464,647.2786183094863,64.22584752736994,-1.3018993399340673,121.5732,-0.544589449826207,3.2412134529129557,True,True,IF-3,0.5461992465452735,0.42016588541709754,0.12603336112817598,False,False,True
anomaly_lockbox,three_day_positive_sustained_spike,2,CA_1,FOODS_2,2016-05-15,2,781.0,1024.1464,695.1471692193976,64.22584752736994,-1.3018993399340673,121.5732,1.3570039707673045,5.142806873506468,True,True,IF-3,0.6295849373393565,0.4401798369881403,0.18940510035121622,True,True,True
anomaly_lockbox,three_day_positive_sustained_spike,2,CA_1,FOODS_2,2016-05-16,3,555.0,798.1464,537.19601763913,64.22584752736994,-1.3018993399340673,121.5732,0.2974796353238013,4.083282538062964,True,True,IF-3,0.6059759893237984,0.4083069107405132,0.1976690785832852,True,False,True
anomaly_lockbox,three_day_positive_sustained_spike,4,CA_1,FOODS_2,2016-05-14,1,611.0,1097.2928,647.2786183094863,64.22584752736994,-1.3018993399340673,121.5732,-0.544589449826207,7.027016355652118,True,True,IF-3,0.6765045844152888,0.42016588541709754,0.2563386989981913,True,True,True
anomaly_lockbox,three_day_positive_sustained_spike,4,CA_1,FOODS_2,2016-05-15,2,781.0,1267.2928,695.1471692193976,64.22584752736994,-1.3018993399340673,121.5732,1.3570039707673045,8.92860977624563,True,True,IF-3,0.7002306164559692,0.4401798369881403,0.2600507794678289,True,True,True
anomaly_lockbox,three_day_positive_sustained_spike,4,CA_1,FOODS_2,2016-05-16,3,555.0,1041.2928,537.19601763913,64.22584752736994,-1.3018993399340673,121.5732,0.2974796353238013,7.8690854408021265,True,True,IF-3,0.6978542765052232,0.4083069107405132,0.2895473657647101,True,True,True
anomaly_lockbox,three_day_negative_sustained_drop,2,CA_1,FOODS_2,2016-05-17,1,476.0,232.8536,452.461526531205,64.22584752736994,-1.3018993399340673,121.5732,0.3867659791977572,-3.3990369235414057,True,True,IF-3,0.5995637239150335,0.40353894346178626,0.19602478045324728,True,False,True
anomaly_lockbox,three_day_negative_sustained_drop,2,CA_1,FOODS_2,2016-05-18,2,427.0,183.8536,440.9593587617584,64.22584752736994,-1.3018993399340673,121.5732,-0.197077343610458,-3.9828802463496196,True,True,IF-3,0.6157602177328336,0.40106142580620524,0.21469879192662839,True,False,True
anomaly_lockbox,three_day_negative_sustained_drop,2,CA_1,FOODS_2,2016-05-19,3,411.0,167.8536,433.6147007744823,64.22584752736994,-1.3018993399340673,121.5732,-0.331841497700217,-4.117644400439381,True,True,IF-3,0.6258945189745175,0.40259580455459515,0.22329871441992238,True,False,True
anomaly_lockbox,three_day_negative_sustained_drop,4,CA_1,FOODS_2,2016-05-17,1,476.0,0.0,452.461526531205,64.22584752736994,-1.3018993399340673,121.5732,0.3867659791977572,-7.024580360718613,True,True,IF-3,0.6943942343677383,0.40353894346178626,0.290855290905952,True,True,True
anomaly_lockbox,three_day_negative_sustained_drop,4,CA_1,FOODS_2,2016-05-18,2,427.0,0.0,440.9593587617584,64.22584752736994,-1.3018993399340673,121.5732,-0.197077343610458,-6.845490972064848,True,True,IF-3,0.6836734179273436,0.40106142580620524,0.28261199212113836,True,True,True
anomaly_lockbox,three_day_negative_sustained_drop,4,CA_1,FOODS_2,2016-05-19,3,411.0,0.0,433.6147007744823,64.22584752736994,-1.3018993399340673,121.5732,-0.331841497700217,-6.731134240779267,True,True,IF-3,0.6905326007909041,0.40259580455459515,0.2879367962363089,True,True,True
anomaly_lockbox,one_day_positive_spike,2,CA_1,FOODS_3,2016-04-26,1,1759.0,2654.4903999999997,1777.88855251864,211.67208850848505,7.923849203863142,447.7451999999999,-0.1266695194034912,4.1038854220152645,True,True,IF-3,0.7269563156778241,0.45883952000202616,0.268116795675798,True,True,True
anomaly_lockbox,one_day_positive_spike,4,CA_1,FOODS_3,2016-04-26,1,1759.0,3549.9807999999994,1777.88855251864,211.67208850848505,7.923849203863142,447.7451999999999,-0.1266695194034912,8.33444036343402,True,True,IF-3,0.7415644336885889,0.45883952000202616,0.2827249136865628,True,True,True
anomaly_lockbox,one_day_negative_drop,2,CA_1,FOODS_3,2016-04-27,1,1787.0,891.5096000000002,1788.6727863230506,211.67208850848505,7.923849203863142,447.7451999999999,-0.0453372742459099,-4.275892215664666,True,True,IF-3,0.7248253294788375,0.4629475069837698,0.2618778224950677,True,True,True
anomaly_lockbox,one_day_negative_drop,4,CA_1,FOODS_3,2016-04-27,1,1787.0,0.0,1788.6727863230506,211.67208850848505,7.923849203863142,447.7451999999999,-0.0453372742459099,-8.48764070967673,True,True,IF-3,0.7262418761985442,0.4629475069837698,0.2632943692147744,True,True,True
anomaly_lockbox,two_day_positive_sustained_spike,2,CA_1,FOODS_3,2016-04-28,1,1718.0,2613.4903999999997,1791.4312492579738,211.67208850848505,7.923849203863142,447.7451999999999,-0.384344950886502,3.846209990532254,True,True,IF-3,0.7286154365147269,0.4752360621815695,0.25337937433315744,True,True,True
anomaly_lockbox,two_day_positive_sustained_spike,2,CA_1,FOODS_3,2016-04-29,2,2182.0,3077.4903999999997,2297.514038132149,211.67208850848505,7.923849203863142,447.7451999999999,-0.5831561837264339,3.647398757692322,True,True,IF-3,0.7243205345649193,0.529210896738411,0.19510963782650825,True,True,True
anomaly_lockbox,two_day_positive_sustained_spike,4,CA_1,FOODS_3,2016-04-28,1,1718.0,3508.9807999999994,1791.4312492579738,211.67208850848505,7.923849203863142,447.7451999999999,-0.384344950886502,8.076764931951011,True,True,IF-3,0.7435359109808506,0.4752360621815695,0.2682998487992811,True,True,True
anomaly_lockbox,two_day_positive_sustained_spike,4,CA_1,FOODS_3,2016-04-29,2,2182.0,3972.9807999999994,2297.514038132149,211.67208850848505,7.923849203863142,447.7451999999999,-0.5831561837264339,7.877953699111079,True,True,IF-3,0.7433436511330365,0.529210896738411,0.21413275439462542,True,True,True
anomaly_lockbox,two_day_negative_sustained_drop,2,CA_1,FOODS_3,2016-04-30,1,2842.0,1946.5096000000003,2843.9295473003804,211.67208850848505,7.923849203863142,447.7451999999999,-0.0465502871619681,-4.277105228580724,True,True,IF-3,0.7616174997035967,0.6174435887257211,0.14417391097787557,True,True,True
anomaly_lockbox,two_day_negative_sustained_drop,2,CA_1,FOODS_3,2016-05-01,2,3131.0,2235.5096000000003,2956.1300394326254,211.67208850848505,7.923849203863142,447.7451999999999,0.7887015833777221,-3.4418533580410338,True,True,IF-3,0.7699176789203649,0.6667506023276704,0.10316707659269453,True,True,True
anomaly_lockbox,two_day_negative_sustained_drop,4,CA_1,FOODS_3,2016-04-30,1,2842.0,1051.0192000000004,2843.9295473003804,211.67208850848505,7.923849203863142,447.7451999999999,-0.0465502871619681,-8.507660169999482,True,True,IF-3,0.7636479261285025,0.6174435887257211,0.14620433740278138,True,True,True
anomaly_lockbox,two_day_negative_sustained_drop,4,CA_1,FOODS_3,2016-05-01,2,3131.0,1340.0192000000004,2956.1300394326254,211.67208850848505,7.923849203863142,447.7451999999999,0.7887015833777221,-7.672408299459791,True,True,IF-3,0.7737535391377109,0.6667506023276704,0.10700293681004058,True,True,True
anomaly_lockbox,three_day_positive_sustained_spike,2,CA_1,FOODS_3,2016-05-02,1,2396.0,3291.4903999999997,2263.449470989669,211.67208850848505,7.923849203863142,447.7451999999999,0.5887723822476111,4.819327323666367,True,True,IF-3,0.7570630316737932,0.5495263488955343,0.20753668277825887,True,True,True
anomaly_lockbox,three_day_positive_sustained_spike,2,CA_1,FOODS_3,2016-05-03,2,2140.0,3035.4903999999997,2079.2750822523335,211.67208850848505,7.923849203863142,447.7451999999999,0.2494474775387629,4.480002418957519,True,True,IF-3,0.7494647975801506,0.5021957175439498,0.24726908003620085,True,True,True
anomaly_lockbox,three_day_positive_sustained_spike,2,CA_1,FOODS_3,2016-05-04,3,2037.0,2932.4903999999997,2048.960218028254,211.67208850848505,7.923849203863142,447.7451999999999,-0.0939380688886629,4.136616872530093,True,True,IF-3,0.7475331587263281,0.5008534420415072,0.24667971668482092,True,True,True
anomaly_lockbox,three_day_positive_sustained_spike,4,CA_1,FOODS_3,2016-05-02,1,2396.0,4186.980799999999,2263.449470989669,211.67208850848505,7.923849203863142,447.7451999999999,0.5887723822476111,9.049882265085124,True,True,IF-3,0.7617807344832062,0.5495263488955343,0.21225438558767185,True,True,True
anomaly_lockbox,three_day_positive_sustained_spike,4,CA_1,FOODS_3,2016-05-03,2,2140.0,3930.9807999999994,2079.2750822523335,211.67208850848505,7.923849203863142,447.7451999999999,0.2494474775387629,8.710557360376276,True,True,IF-3,0.7544029060385714,0.5021957175439498,0.25220718849462165,True,True,True
anomaly_lockbox,three_day_positive_sustained_spike,4,CA_1,FOODS_3,2016-05-04,3,2037.0,3827.9807999999994,2048.960218028254,211.67208850848505,7.923849203863142,447.7451999999999,-0.0939380688886629,8.367171813948849,True,True,IF-3,0.7568788206109726,0.5008534420415072,0.2560253785694654,True,True,True
anomaly_lockbox,three_day_negative_sustained_drop,2,CA_1,FOODS_3,2016-05-05,1,1974.0,1078.5096000000003,2013.1147125672871,211.67208850848505,7.923849203863142,447.7451999999999,-0.2222237334293838,-4.452778674848139,True,True,IF-3,0.7596204334938421,0.6290726888700275,0.13054774462381458,True,True,True
anomaly_lockbox,three_day_negative_sustained_drop,2,CA_1,FOODS_3,2016-05-06,2,2319.0,1423.5096000000003,2342.3196471811348,211.67208850848505,7.923849203863142,447.7451999999999,-0.1476032886770779,-4.378158230095834,True,True,IF-3,0.7356420098155536,0.5206209690736354,0.2150210407419182,True,True,True
anomaly_lockbox,three_day_negative_sustained_drop,2,CA_1,FOODS_3,2016-05-07,3,2949.0,2053.5096000000003,2966.669220226157,211.67208850848505,7.923849203863142,447.7451999999999,-0.1209090419542689,-4.351463983373025,True,True,IF-3,0.740594508115591,0.537424030970613,0.20317047714497805,True,True,True
anomaly_lockbox,three_day_negative_sustained_drop,4,CA_1,FOODS_3,2016-05-05,1,1974.0,183.0192000000004,2013.1147125672871,211.67208850848505,7.923849203863142,447.7451999999999,-0.2222237334293838,-8.683333616266895,True,True,IF-3,0.7601599337204528,0.6290726888700275,0.13108724485042522,True,True,True
anomaly_lockbox,three_day_negative_sustained_drop,4,CA_1,FOODS_3,2016-05-06,2,2319.0,528.0192000000004,2342.3196471811348,211.67208850848505,7.923849203863142,447.7451999999999,-0.1476032886770779,-8.60871317151459,True,True,IF-3,0.7361644800039534,0.5206209690736354,0.21554351093031798,True,True,True
anomaly_lockbox,three_day_negative_sustained_drop,4,CA_1,FOODS_3,2016-05-07,3,2949.0,1158.0192000000004,2966.669220226157,211.67208850848505,7.923849203863142,447.7451999999999,-0.1209090419542689,-8.582018924791782,True,True,IF-3,0.7413836295403362,0.537424030970613,0.20395959856972323,True,True,True
anomaly_lockbox,one_day_positive_spike,2,CA_1,HOBBIES_1,2016-05-08,1,451.0,633.3598,444.6577673434809,69.64793192184676,17.289827805758932,91.1799,-0.1571847842018384,2.461124115545957,False,True,IF-3,0.6530889044576162,0.5687972639120688,0.0842916405455475,True,True,True
anomaly_lockbox,one_day_positive_spike,4,CA_1,HOBBIES_1,2016-05-08,1,451.0,815.7196,444.6577673434809,69.64793192184676,17.289827805758932,91.1799,-0.1571847842018384,5.079433015293754,True,True,IF-3,0.718176513730828,0.5687972639120688,0.14937924981875927,True,True,True
anomaly_lockbox,one_day_negative_drop,2,CA_1,HOBBIES_1,2016-05-09,1,592.0,409.6402,463.46606503658296,69.64793192184676,17.289827805758932,91.1799,1.5972348939590508,-1.0210740057887453,False,True,IF-3,0.463867201066873,0.5199867945643786,-0.05611959349750556,False,False,True
anomaly_lockbox,one_day_negative_drop,4,CA_1,HOBBIES_1,2016-05-09,1,592.0,227.2804,463.46606503658296,69.64793192184676,17.289827805758932,91.1799,1.5972348939590508,-3.6393829055365416,True,True,IF-3,0.6281922926486025,0.5199867945643786,0.10820549808422397,True,True,True
anomaly_lockbox,two_day_positive_sustained_spike,2,CA_1,HOBBIES_1,2016-05-10,1,334.0,516.3598,431.8581510789514,69.64793192184676,17.289827805758932,91.1799,-1.6532864035922847,0.9650224961555107,False,True,IF-3,0.4708774769691148,0.4964262917487276,-0.025548814779612794,False,False,True
anomaly_lockbox,two_day_positive_sustained_spike,2,CA_1,HOBBIES_1,2016-05-11,2,453.0,635.3598,416.9573739954966,69.64793192184676,17.289827805758932,91.1799,0.2692513285216757,2.887560228269471,False,True,IF-3,0.5732340965484598,0.40718016671393253,0.16605392983452727,False,False,True
anomaly_lockbox,two_day_positive_sustained_spike,4,CA_1,HOBBIES_1,2016-05-10,1,334.0,698.7196,431.8581510789514,69.64793192184676,17.289827805758932,91.1799,-1.6532864035922847,3.5833313959033077,True,True,IF-3,0.6215423749450614,0.4964262917487276,0.12511608319633377,True,False,True
anomaly_lockbox,two_day_positive_sustained_spike,4,CA_1,HOBBIES_1,2016-05-11,2,453.0,817.7196,416.9573739954966,69.64793192184676,17.289827805758932,91.1799,0.2692513285216757,5.5058691280172685,True,True,IF-3,0.6798978138211546,0.40718016671393253,0.272717647107222,True,True,True
anomaly_lockbox,two_day_negative_sustained_drop,2,CA_1,HOBBIES_1,2016-05-12,1,546.0,363.6402,418.3440115726224,69.64793192184676,17.289827805758932,91.1799,1.584629400704426,-1.0336794990433702,False,True,IF-3,0.41880801888748953,0.47688842187587244,-0.058080402988382906,False,False,True
anomaly_lockbox,two_day_negative_sustained_drop,2,CA_1,HOBBIES_1,2016-05-13,2,546.0,363.6402,476.2867450563148,69.64793192184676,17.289827805758932,91.1799,0.7526917984693579,-1.8656171012784384,False,True,IF-3,0.497467378607585,0.4268041367606355,0.0706632418469495,False,False,True
anomaly_lockbox,two_day_negative_sustained_drop,4,CA_1,HOBBIES_1,2016-05-12,1,546.0,181.2804,418.3440115726224,69.64793192184676,17.289827805758932,91.1799,1.584629400704426,-3.6519883987911665,True,True,IF-3,0.610148041117225,0.47688842187587244,0.13325961924135254,True,False,True
anomaly_lockbox,two_day_negative_sustained_drop,4,CA_1,HOBBIES_1,2016-05-13,2,546.0,181.2804,476.2867450563148,69.64793192184676,17.289827805758932,91.1799,0.7526917984693579,-4.4839260010262345,True,True,IF-3,0.6409152647790666,0.4268041367606355,0.21411112801843107,True,True,True
anomaly_lockbox,three_day_positive_sustained_spike,2,CA_1,HOBBIES_1,2016-05-14,1,732.0,914.3598,596.9566428926481,69.64793192184676,17.289827805758932,91.1799,1.6906967091819234,4.309005608929719,True,True,IF-3,0.6145701491701464,0.4684332332153387,0.1461369159548077,True,False,True
anomaly_lockbox,three_day_positive_sustained_spike,2,CA_1,HOBBIES_1,2016-05-15,2,631.0,813.3598,577.5658570647424,69.64793192184676,17.289827805758932,91.1799,0.5189574784511455,3.137266378198941,True,True,IF-3,0.5568355457605889,0.4182114612321623,0.13862408452842662,False,False,True
anomaly_lockbox,three_day_positive_sustained_spike,2,CA_1,HOBBIES_1,2016-05-16,3,389.0,571.3598,454.2161516115736,69.64793192184676,17.289827805758932,91.1799,-1.1846149216593254,1.43369397808847,False,True,IF-3,0.47051232475168137,0.440920928524135,0.029591396227546363,False,False,True
anomaly_lockbox,three_day_positive_sustained_spike,4,CA_1,HOBBIES_1,2016-05-14,1,732.0,1096.7196,596.9566428926481,69.64793192184676,17.289827805758932,91.1799,1.6906967091819234,6.927314508677514,True,True,IF-3,0.6884251379560214,0.4684332332153387,0.21999190474068275,True,True,True
anomaly_lockbox,three_day_positive_sustained_spike,4,CA_1,HOBBIES_1,2016-05-15,2,631.0,995.7196,577.5658570647424,69.64793192184676,17.289827805758932,91.1799,0.5189574784511455,5.755575277946738,True,True,IF-3,0.6567649815943652,0.4182114612321623,0.23855352036220295,True,True,True
anomaly_lockbox,three_day_positive_sustained_spike,4,CA_1,HOBBIES_1,2016-05-16,3,389.0,753.7196,454.2161516115736,69.64793192184676,17.289827805758932,91.1799,-1.1846149216593254,4.052002877836267,True,True,IF-3,0.6223287546235229,0.440920928524135,0.18140782609938788,True,False,True
anomaly_lockbox,three_day_negative_sustained_drop,2,CA_1,HOBBIES_1,2016-05-17,1,347.0,164.6402,409.41221488961367,69.64793192184676,17.289827805758932,91.1799,-1.1443561997620797,-3.7626650995098756,True,True,IF-3,0.6126874951654001,0.42351743996409436,0.18917005520130575,True,False,True
anomaly_lockbox,three_day_negative_sustained_drop,2,CA_1,HOBBIES_1,2016-05-18,2,353.0,170.6402,409.41221488961367,69.64793192184676,17.289827805758932,91.1799,-1.0582086310628007,-3.676517530810597,True,True,IF-3,0.6079037583172194,0.4212657552995858,0.1866380030176336,True,False,True
anomaly_lockbox,three_day_negative_sustained_drop,2,CA_1,HOBBIES_1,2016-05-19,3,354.0,171.6402,412.6998099387475,69.64793192184676,17.289827805758932,91.1799,-1.0910537563380316,-3.709362656085828,True,True,IF-3,0.6137714317591806,0.42334554262762586,0.19042588913155473,True,False,True
anomaly_lockbox,three_day_negative_sustained_drop,4,CA_1,HOBBIES_1,2016-05-17,1,347.0,0.0,409.41221488961367,69.64793192184676,17.289827805758932,91.1799,-1.1443561997620797,-6.126557256203714,True,True,IF-3,0.6854121394530435,0.42351743996409436,0.2618946994889491,True,True,True
anomaly_lockbox,three_day_negative_sustained_drop,4,CA_1,HOBBIES_1,2016-05-18,2,353.0,0.0,409.41221488961367,69.64793192184676,17.289827805758932,91.1799,-1.0582086310628007,-6.126557256203714,True,True,IF-3,0.6784246398038513,0.4212657552995858,0.25715888450426544,True,True,True
anomaly_lockbox,three_day_negative_sustained_drop,4,CA_1,HOBBIES_1,2016-05-19,3,354.0,0.0,412.6998099387475,69.64793192184676,17.289827805758932,91.1799,-1.0910537563380316,-6.173760309595492,True,True,IF-3,0.6858081966730254,0.42334554262762586,0.26246265404539953,True,True,True
anomaly_lockbox,one_day_positive_spike,2,CA_1,HOBBIES_2,2016-04-26,1,31.0,60.652,39.45486697721361,13.067700609908211,-2.920935617483586,14.826,-0.4234816456947353,1.8456245180566149,False,True,IF-3,0.44926078825027627,0.40627297787235755,0.04298781037791871,False,False,True
anomaly_lockbox,one_day_positive_spike,4,CA_1,HOBBIES_2,2016-04-26,1,31.0,90.304,39.45486697721361,13.067700609908211,-2.920935617483586,14.826,-0.4234816456947353,4.114730681807965,True,True,IF-3,0.5253570002089666,0.40627297787235755,0.11908402233660903,False,False,True
anomaly_lockbox,one_day_negative_drop,2,CA_1,HOBBIES_2,2016-04-27,1,33.0,3.347999999999999,38.876381407212875,13.067700609908211,-2.920935617483586,14.826,-0.2261641797554197,-2.49527034350677,False,True,IF-3,0.48654175533425037,0.4054006522609941,0.08114110307325628,False,False,True
anomaly_lockbox,one_day_negative_drop,4,CA_1,HOBBIES_2,2016-04-27,1,33.0,0.0,38.876381407212875,13.067700609908211,-2.920935617483586,14.826,-0.2261641797554197,-2.751474560296178,False,True,IF-3,0.5001980331250235,0.4054006522609941,0.09479738086402945,False,False,True
anomaly_lockbox,two_day_positive_sustained_spike,2,CA_1,HOBBIES_2,2016-04-28,1,47.0,76.652,39.46180521807372,13.067700609908211,-2.920935617483586,14.826,0.8003803202745193,3.0694864840258695,True,True,IF-3,0.48011937663148363,0.4139251981776398,0.06619417845384384,False,False,True
anomaly_lockbox,two_day_positive_sustained_spike,2,CA_1,HOBBIES_2,2016-04-29,2,34.0,63.652,45.366464814321674,13.067700609908211,-2.920935617483586,14.826,-0.6462903803010689,1.6228157834502814,False,True,IF-3,0.42805830397309264,0.4150102218137578,0.01304808215933484,False,False,True
anomaly_lockbox,two_day_positive_sustained_spike,4,CA_1,HOBBIES_2,2016-04-28,1,47.0,106.304,39.46180521807372,13.067700609908211,-2.920935617483586,14.826,0.8003803202745193,5.3385926477772205,True,True,IF-3,0.5588647968162369,0.4139251981776398,0.14493959863859712,False,False,True
anomaly_lockbox,two_day_positive_sustained_spike,4,CA_1,HOBBIES_2,2016-04-29,2,34.0,93.304,45.366464814321674,13.067700609908211,-2.920935617483586,14.826,-0.6462903803010689,3.8919219472016318,True,True,IF-3,0.5047143147041382,0.4150102218137578,0.0897040928903804,False,False,True
anomaly_lockbox,two_day_negative_sustained_drop,2,CA_1,HOBBIES_2,2016-04-30,1,62.0,32.348,48.82254779843951,13.067700609908211,-2.920935617483586,14.826,1.2319219960425123,-1.037184167708838,False,True,IF-3,0.5426419280685472,0.5500350286751212,-0.0073931006065740545,False,False,True
anomaly_lockbox,two_day_negative_sustained_drop,2,CA_1,HOBBIES_2,2016-05-01,2,59.0,29.348,44.20129083418341,13.067700609908211,-2.920935617483586,14.826,1.3559879669928128,-0.9131181967585374,False,True,IF-3,0.5880905816854987,0.597658750592347,-0.009568168906848307,True,False,True
anomaly_lockbox,two_day_negative_sustained_drop,4,CA_1,HOBBIES_2,2016-04-30,1,62.0,2.695999999999998,48.82254779843951,13.067700609908211,-2.920935617483586,14.826,1.2319219960425123,-3.3062903314601884,True,True,IF-3,0.6107688482254638,0.5500350286751212,0.06073381955034263,True,False,True
anomaly_lockbox,two_day_negative_sustained_drop,4,CA_1,HOBBIES_2,2016-05-01,2,59.0,0.0,44.20129083418341,13.067700609908211,-2.920935617483586,14.826,1.3559879669928128,-3.158960895186118,True,True,IF-3,0.6375147034269089,0.597658750592347,0.03985595283456189,True,True,True
anomaly_lockbox,three_day_positive_sustained_spike,2,CA_1,HOBBIES_2,2016-05-02,1,51.0,80.652,41.96773278489603,13.067700609908211,-2.920935617483586,14.826,0.914713551328562,3.1838197150799123,True,True,IF-3,0.5402376418107155,0.4636535695700854,0.07658407224063013,False,False,True
anomaly_lockbox,three_day_positive_sustained_spike,2,CA_1,HOBBIES_2,2016-05-03,2,46.0,75.652,42.38189001216476,13.067700609908211,-2.920935617483586,14.826,0.5003975680588199,2.76950373181017,False,True,IF-3,0.5205215699765948,0.44277227289361215,0.07774929708298267,False,False,True
anomaly_lockbox,three_day_positive_sustained_spike,2,CA_1,HOBBIES_2,2016-05-04,3,43.0,72.652,39.92880772210643,13.067700609908211,-2.920935617483586,14.826,0.4585449325976904,2.7276510963490406,False,True,IF-3,0.5325309862969618,0.44427134587000755,0.08825964042695428,False,False,True
anomaly_lockbox,three_day_positive_sustained_spike,4,CA_1,HOBBIES_2,2016-05-02,1,51.0,110.304,41.96773278489603,13.067700609908211,-2.920935617483586,14.826,0.914713551328562,5.4529258788312625,True,True,IF-3,0.5806454071517372,0.4636535695700854,0.11699183758165177,False,False,True
anomaly_lockbox,three_day_positive_sustained_spike,4,CA_1,HOBBIES_2,2016-05-03,2,46.0,105.304,42.38189001216476,13.067700609908211,-2.920935617483586,14.826,0.5003975680588199,5.03860989556152,True,True,IF-3,0.5716200182121004,0.44277227289361215,0.12884774531848825,False,False,True
anomaly_lockbox,three_day_positive_sustained_spike,4,CA_1,HOBBIES_2,2016-05-04,3,43.0,102.304,39.92880772210643,13.067700609908211,-2.920935617483586,14.826,0.4585449325976904,4.996757260100392,True,True,IF-3,0.5901276752019032,0.44427134587000755,0.14585632933189568,True,False,True
anomaly_lockbox,three_day_negative_sustained_drop,2,CA_1,HOBBIES_2,2016-05-05,1,34.0,4.347999999999999,35.021173721343985,13.067700609908211,-2.920935617483586,14.826,0.1453784374811251,-2.123727726270225,False,True,IF-3,0.6236764967528439,0.58724031167597,0.03643618507687385,True,False,True
anomaly_lockbox,three_day_negative_sustained_drop,2,CA_1,HOBBIES_2,2016-05-06,2,41.0,11.347999999999999,43.1254279033636,13.067700609908211,-2.920935617483586,14.826,0.0608758754020438,-2.208230288349306,False,True,IF-3,0.5024825446741072,0.44027734775892813,0.06220519691517912,False,False,True
anomaly_lockbox,three_day_negative_sustained_drop,2,CA_1,HOBBIES_2,2016-05-07,3,67.0,37.348,49.36780731230167,13.067700609908211,-2.920935617483586,14.826,1.5728190382321807,-0.6962871255191695,False,True,IF-3,0.4405283519026833,0.46345868423296804,-0.02293033233028474,False,False,True
anomaly_lockbox,three_day_negative_sustained_drop,4,CA_1,HOBBIES_2,2016-05-05,1,34.0,0.0,35.021173721343985,13.067700609908211,-2.920935617483586,14.826,0.1453784374811251,-2.4564565000457166,False,True,IF-3,0.6345963470688843,0.58724031167597,0.04735603539291433,True,True,True
anomaly_lockbox,three_day_negative_sustained_drop,4,CA_1,HOBBIES_2,2016-05-06,2,41.0,0.0,43.1254279033636,13.067700609908211,-2.920935617483586,14.826,0.0608758754020438,-3.0766309610273828,True,True,IF-3,0.5265669205617622,0.44027734775892813,0.08628957280283411,False,False,True
anomaly_lockbox,three_day_negative_sustained_drop,4,CA_1,HOBBIES_2,2016-05-07,3,67.0,7.695999999999998,49.36780731230167,13.067700609908211,-2.920935617483586,14.826,1.5728190382321807,-2.9653932892705197,False,True,IF-3,0.5334923177029149,0.46345868423296804,0.0700336334699469,False,False,True
anomaly_lockbox,one_day_positive_spike,2,CA_1,HOUSEHOLD_1,2016-05-08,1,768.0,1083.7938,786.4478529069581,71.87120163908712,7.055601395861743,157.8969,-0.3548494212033576,4.03903565095405,True,True,IF-3,0.6935925172656575,0.5840154656205294,0.1095770516451281,True,True,True
anomaly_lockbox,one_day_positive_spike,4,CA_1,HOUSEHOLD_1,2016-05-08,1,768.0,1399.5875999999998,786.4478529069581,71.87120163908712,7.055601395861743,157.8969,-0.3548494212033576,8.43292072311146,True,True,IF-3,0.7522820239048947,0.5840154656205294,0.16826655828436532,True,True,True
anomaly_lockbox,one_day_negative_drop,2,CA_1,HOUSEHOLD_1,2016-05-09,1,752.0,436.2062,719.443907389791,71.87120163908712,7.055601395861743,157.8969,0.354808193445855,-4.039076878711554,True,True,IF-3,0.6480403266635439,0.46210700283872114,0.1859333238248228,True,True,True
anomaly_lockbox,one_day_negative_drop,4,CA_1,HOUSEHOLD_1,2016-05-09,1,752.0,120.41240000000005,719.443907389791,71.87120163908712,7.055601395861743,157.8969,0.354808193445855,-8.432961950868961,True,True,IF-3,0.7156065855031929,0.46210700283872114,0.25349958266447176,True,True,True
anomaly_lockbox,two_day_positive_sustained_spike,2,CA_1,HOUSEHOLD_1,2016-05-10,1,623.0,938.7937999999999,639.1728793874438,71.87120163908712,7.055601395861743,157.8969,-0.3231959429306765,4.070689129226731,True,True,IF-3,0.6332179360769552,0.43549075119019026,0.19772718488676494,True,True,True
anomaly_lockbox,two_day_positive_sustained_spike,2,CA_1,HOUSEHOLD_1,2016-05-11,2,593.0,908.7937999999999,633.5776539035355,71.87120163908712,7.055601395861743,157.8969,-0.6627585766354008,3.731126495522007,True,True,IF-3,0.6116971251119989,0.42236788177673706,0.18932924333526185,True,False,True
anomaly_lockbox,two_day_positive_sustained_spike,4,CA_1,HOUSEHOLD_1,2016-05-10,1,623.0,1254.5875999999998,639.1728793874438,71.87120163908712,7.055601395861743,157.8969,-0.3231959429306765,8.46457420138414,True,True,IF-3,0.7292463018667392,0.43549075119019026,0.29375555067654896,True,True,True
anomaly_lockbox,two_day_positive_sustained_spike,4,CA_1,HOUSEHOLD_1,2016-05-11,2,593.0,1224.5875999999998,633.5776539035355,71.87120163908712,7.055601395861743,157.8969,-0.6627585766354008,8.125011567679415,True,True,IF-3,0.7179385949391575,0.42236788177673706,0.2955707131624204,True,True,True
anomaly_lockbox,two_day_negative_sustained_drop,2,CA_1,HOUSEHOLD_1,2016-05-12,1,597.0,281.2062,635.1399312178751,71.87120163908712,7.055601395861743,157.8969,-0.6288406424689197,-5.022725714626328,True,True,IF-3,0.6711448527133906,0.4154121866958491,0.2557326660175415,True,True,True
anomaly_lockbox,two_day_negative_sustained_drop,2,CA_1,HOUSEHOLD_1,2016-05-13,2,777.0,461.2062,740.7475201522421,71.87120163908712,7.055601395861743,157.8969,0.4062389077410027,-3.987646164416406,True,True,IF-3,0.629712188358562,0.4176433674750027,0.21206882088355933,True,True,True
anomaly_lockbox,two_day_negative_sustained_drop,4,CA_1,HOUSEHOLD_1,2016-05-12,1,597.0,0.0,635.1399312178751,71.87120163908712,7.055601395861743,157.8969,-0.6288406424689197,-8.935366571977266,True,True,IF-3,0.7133063260584891,0.4154121866958491,0.29789413936264,True,True,True
anomaly_lockbox,two_day_negative_sustained_drop,4,CA_1,HOUSEHOLD_1,2016-05-13,2,777.0,145.41240000000005,740.7475201522421,71.87120163908712,7.055601395861743,157.8969,0.4062389077410027,-8.381531236573814,True,True,IF-3,0.7055586976638037,0.4176433674750027,0.28791533018880106,True,True,True
anomaly_lockbox,three_day_positive_sustained_spike,2,CA_1,HOUSEHOLD_1,2016-05-14,1,1055.0,1370.7938,978.308428927266,71.87120163908712,7.055601395861743,157.8969,0.968899476963814,5.36278454912122,True,True,IF-3,0.6610755462004544,0.44780239421995666,0.21327315198049773,True,True,True
anomaly_lockbox,three_day_positive_sustained_spike,2,CA_1,HOUSEHOLD_1,2016-05-15,2,965.0,1280.7938,1022.0988642101802,71.87120163908712,7.055601395861743,157.8969,-0.8926310419603664,3.5012540301970416,True,True,IF-3,0.5785455589129668,0.43075711030801106,0.1477884486049557,False,False,True
anomaly_lockbox,three_day_positive_sustained_spike,2,CA_1,HOUSEHOLD_1,2016-05-16,3,725.0,1040.7938,717.9343598026522,71.87120163908712,7.055601395861743,157.8969,0.0001396776630566,4.394024749820464,True,True,IF-3,0.6338890390949171,0.4205673845284745,0.21332165456644264,True,True,True
anomaly_lockbox,three_day_positive_sustained_spike,4,CA_1,HOUSEHOLD_1,2016-05-14,1,1055.0,1686.5875999999998,978.308428927266,71.87120163908712,7.055601395861743,157.8969,0.968899476963814,9.756669621278629,True,True,IF-3,0.7247728840465024,0.44780239421995666,0.27697048982654576,True,True,True
anomaly_lockbox,three_day_positive_sustained_spike,4,CA_1,HOUSEHOLD_1,2016-05-15,2,965.0,1596.5875999999998,1022.0988642101802,71.87120163908712,7.055601395861743,157.8969,-0.8926310419603664,7.895139102354451,True,True,IF-3,0.70183884334475,0.43075711030801106,0.27108173303673894,True,True,True
anomaly_lockbox,three_day_positive_sustained_spike,4,CA_1,HOUSEHOLD_1,2016-05-16,3,725.0,1356.5875999999998,717.9343598026522,71.87120163908712,7.055601395861743,157.8969,0.0001396776630566,8.787909821977872,True,True,IF-3,0.7191416688913314,0.4205673845284745,0.2985742843628569,True,True,True
anomaly_lockbox,three_day_negative_sustained_drop,2,CA_1,HOUSEHOLD_1,2016-05-17,1,607.0,291.2062,637.1193881038221,71.87120163908712,7.055601395861743,157.8969,-0.5172445799134409,-4.91112965207085,True,True,IF-3,0.6631502304099343,0.40989961179955287,0.2532506186103814,True,True,True
anomaly_lockbox,three_day_negative_sustained_drop,2,CA_1,HOUSEHOLD_1,2016-05-18,2,602.0,286.2062,631.9602333650361,71.87120163908712,7.055601395861743,157.8969,-0.5150301360867572,-4.908915208244166,True,True,IF-3,0.6625861637540637,0.41570062398593005,0.2468855397681336,True,True,True
anomaly_lockbox,three_day_negative_sustained_drop,2,CA_1,HOUSEHOLD_1,2016-05-19,3,658.0,342.2062,634.1888605192778,71.87120163908712,7.055601395861743,157.8969,0.2331328501922245,-4.1607522219651845,True,True,IF-3,0.6412272787043742,0.4121870853755082,0.22904019332886605,True,True,True
anomaly_lockbox,three_day_negative_sustained_drop,4,CA_1,HOUSEHOLD_1,2016-05-17,1,607.0,0.0,637.1193881038221,71.87120163908712,7.055601395861743,157.8969,-0.5172445799134409,-8.962908297185747,True,True,IF-3,0.7142653921654528,0.40989961179955287,0.30436578036589995,True,True,True
anomaly_lockbox,three_day_negative_sustained_drop,4,CA_1,HOUSEHOLD_1,2016-05-18,2,602.0,0.0,631.9602333650361,71.87120163908712,7.055601395861743,157.8969,-0.5150301360867572,-8.891124959477086,True,True,IF-3,0.7090502391039913,0.41570062398593005,0.2933496151180613,True,True,True
anomaly_lockbox,three_day_negative_sustained_drop,4,CA_1,HOUSEHOLD_1,2016-05-19,3,658.0,26.412400000000048,634.1888605192778,71.87120163908712,7.055601395861743,157.8969,0.2331328501922245,-8.554637294122594,True,True,IF-3,0.7116623355669255,0.4121870853755082,0.2994752501914173,True,True,True
anomaly_lockbox,one_day_positive_spike,2,CA_1,HOUSEHOLD_2,2016-04-26,1,176.0,282.7472,197.7215850041831,25.307278836632836,-5.473172481554656,53.3736,-0.6420450269472889,3.575998354527655,True,True,IF-3,0.5157651806236375,0.399078082566353,0.1166870980572845,False,False,True
anomaly_lockbox,one_day_positive_spike,4,CA_1,HOUSEHOLD_2,2016-04-26,1,176.0,389.49440000000004,197.7215850041831,25.307278836632836,-5.473172481554656,53.3736,-0.6420450269472889,7.7940417360025975,True,True,IF-3,0.59545944038953,0.399078082566353,0.196381357823177,True,False,True
anomaly_lockbox,one_day_negative_drop,2,CA_1,HOUSEHOLD_2,2016-04-27,1,182.0,75.2528,197.1430994341824,25.307278836632836,-5.473172481554656,53.3736,-0.3821006207364467,-4.600144002211389,True,True,IF-3,0.5427164203640653,0.39880189262599364,0.14391452773807167,False,False,True
anomaly_lockbox,one_day_negative_drop,4,CA_1,HOUSEHOLD_2,2016-04-27,1,182.0,0.0,197.1430994341824,25.307278836632836,-5.473172481554656,53.3736,-0.3821006207364467,-7.5737074772014354,True,True,IF-3,0.59122937402941,0.39880189262599364,0.19242748140341637,True,False,True
anomaly_lockbox,two_day_positive_sustained_spike,2,CA_1,HOUSEHOLD_2,2016-04-28,1,188.0,294.7472,198.84109550192315,25.307278836632836,-5.473172481554656,53.3736,-0.2121098461442764,4.005933535330667,True,True,IF-3,0.5330425467110312,0.39542463687255336,0.13761790983847788,False,False,True
anomaly_lockbox,two_day_positive_sustained_spike,2,CA_1,HOUSEHOLD_2,2016-04-29,2,249.0,355.7472,240.9026175831108,25.307278836632836,-5.473172481554656,53.3736,0.5362312948004576,4.754274676275401,True,True,IF-3,0.5496597815918115,0.39945461904411983,0.15020516254769167,False,False,True
anomaly_lockbox,two_day_positive_sustained_spike,4,CA_1,HOUSEHOLD_2,2016-04-28,1,188.0,401.49440000000004,198.84109550192315,25.307278836632836,-5.473172481554656,53.3736,-0.2121098461442764,8.22397691680561,True,True,IF-3,0.6191093617782695,0.39542463687255336,0.22368472490571611,True,False,True
anomaly_lockbox,two_day_positive_sustained_spike,4,CA_1,HOUSEHOLD_2,2016-04-29,2,249.0,462.49440000000004,240.9026175831108,25.307278836632836,-5.473172481554656,53.3736,0.5362312948004576,8.972318057750343,True,True,IF-3,0.6199111700823243,0.39945461904411983,0.2204565510382045,True,False,True
anomaly_lockbox,two_day_negative_sustained_drop,2,CA_1,HOUSEHOLD_2,2016-04-30,1,321.0,214.25279999999998,279.2249733360496,25.307278836632836,-5.473172481554656,53.3736,1.8669806204969095,-2.351062760978033,False,True,IF-3,0.5874768684003039,0.5568767839649775,0.030600084435326358,True,False,True
anomaly_lockbox,two_day_negative_sustained_drop,2,CA_1,HOUSEHOLD_2,2016-05-01,2,341.0,234.25279999999998,271.9277124876771,25.307278836632836,-5.473172481554656,53.3736,2.94561341324344,-1.2724299682315023,False,True,IF-3,0.5935116998673164,0.6311301145412785,-0.0376184146739621,True,False,True
anomaly_lockbox,two_day_negative_sustained_drop,4,CA_1,HOUSEHOLD_2,2016-04-30,1,321.0,107.50559999999999,279.2249733360496,25.307278836632836,-5.473172481554656,53.3736,1.8669806204969095,-6.569106142452974,True,True,IF-3,0.651096394846533,0.5568767839649775,0.0942196108815555,True,True,True
anomaly_lockbox,two_day_negative_sustained_drop,4,CA_1,HOUSEHOLD_2,2016-05-01,2,341.0,127.50559999999999,271.9277124876771,25.307278836632836,-5.473172481554656,53.3736,2.94561341324344,-5.490473349706444,True,True,IF-3,0.6715747051721538,0.6311301145412785,0.04044459063087524,True,True,True
anomaly_lockbox,three_day_positive_sustained_spike,2,CA_1,HOUSEHOLD_2,2016-05-02,1,224.0,330.7472,204.8701172391052,25.307278836632836,-5.473172481554656,53.3736,0.972173081162562,5.190216462637505,True,True,IF-3,0.6064130140526733,0.4536717795654373,0.15274123448723603,True,False,True
anomaly_lockbox,three_day_positive_sustained_spike,2,CA_1,HOUSEHOLD_2,2016-05-03,2,208.0,314.7472,205.2990099277236,25.307278836632836,-5.473172481554656,53.3736,0.3229965025713778,4.54103988404632,True,True,IF-3,0.5739004601565146,0.43265246548458997,0.14124799467192467,False,False,True
anomaly_lockbox,three_day_positive_sustained_spike,2,CA_1,HOUSEHOLD_2,2016-05-04,3,192.0,298.7472,200.99968490090575,25.307278836632836,-5.473172481554656,53.3736,-0.1393477521671124,4.078695629307831,True,True,IF-3,0.5808963614107426,0.4292191507668857,0.15167721064385692,False,False,True
anomaly_lockbox,three_day_positive_sustained_spike,4,CA_1,HOUSEHOLD_2,2016-05-02,1,224.0,437.49440000000004,204.8701172391052,25.307278836632836,-5.473172481554656,53.3736,0.972173081162562,9.408259844112447,True,True,IF-3,0.6502432514124262,0.4536717795654373,0.19657147184698892,True,True,True
anomaly_lockbox,three_day_positive_sustained_spike,4,CA_1,HOUSEHOLD_2,2016-05-03,2,208.0,421.49440000000004,205.2990099277236,25.307278836632836,-5.473172481554656,53.3736,0.3229965025713778,8.759083265521262,True,True,IF-3,0.6279848888652569,0.43265246548458997,0.19533242338066698,True,True,True
anomaly_lockbox,three_day_positive_sustained_spike,4,CA_1,HOUSEHOLD_2,2016-05-04,3,192.0,405.49440000000004,200.99968490090575,25.307278836632836,-5.473172481554656,53.3736,-0.1393477521671124,8.296739010782774,True,True,IF-3,0.6411786318842225,0.4292191507668857,0.2119594811173368,True,True,True
anomaly_lockbox,three_day_negative_sustained_drop,2,CA_1,HOUSEHOLD_2,2016-05-05,1,166.0,59.25279999999999,196.12865149456064,25.307278836632836,-5.473172481554656,53.3736,-0.974244570985508,-5.19228795246045,True,True,IF-3,0.6670649422965701,0.5897105842938207,0.07735435800274937,True,True,True
anomaly_lockbox,three_day_negative_sustained_drop,2,CA_1,HOUSEHOLD_2,2016-05-06,2,229.0,122.2528,241.6922382813099,25.307278836632836,-5.473172481554656,53.3736,-0.2852565005647896,-4.503299882039732,True,True,IF-3,0.5637695432941691,0.4251422251481775,0.13862731814599155,False,False,True
anomaly_lockbox,three_day_negative_sustained_drop,2,CA_1,HOUSEHOLD_2,2016-05-07,3,269.0,162.25279999999998,281.190112887417,25.307278836632836,-5.473172481554656,53.3736,-0.2654153553695954,-4.483458736844538,True,True,IF-3,0.5669317010493753,0.4288176550050647,0.1381140460443106,False,False,True
anomaly_lockbox,three_day_negative_sustained_drop,4,CA_1,HOUSEHOLD_2,2016-05-05,1,166.0,0.0,196.12865149456064,25.307278836632836,-5.473172481554656,53.3736,-0.974244570985508,-7.533622253255772,True,True,IF-3,0.6798832061022435,0.5897105842938207,0.09017262180842278,True,True,True
anomaly_lockbox,three_day_negative_sustained_drop,4,CA_1,HOUSEHOLD_2,2016-05-06,2,229.0,15.505599999999987,241.6922382813099,25.307278836632836,-5.473172481554656,53.3736,-0.2852565005647896,-8.721343263514674,True,True,IF-3,0.6218420954219434,0.4251422251481775,0.19669987027376584,True,False,True
anomaly_lockbox,three_day_negative_sustained_drop,4,CA_1,HOUSEHOLD_2,2016-05-07,3,269.0,55.50559999999999,281.190112887417,25.307278836632836,-5.473172481554656,53.3736,-0.2654153553695954,-8.70150211831948,True,True,IF-3,0.6234289206729946,0.4288176550050647,0.1946112656679299,True,False,True
anomaly_lockbox,one_day_positive_spike,2,CA_2,FOODS_1,2016-05-08,1,607.0,836.803,432.2949284692336,58.42577830808442,-7.615755540324386,114.9015,3.1205545283401546,7.053801233043479,True,True,IF-3,0.7229084684918042,0.6560168683542917,0.0668916001375125,True,True,True
anomaly_lockbox,one_day_positive_spike,4,CA_2,FOODS_1,2016-05-08,1,607.0,1066.606,432.2949284692336,58.42577830808442,-7.615755540324386,114.9015,3.1205545283401546,10.987047937746803,True,True,IF-3,0.7544785587006114,0.6560168683542917,0.09846169034631969,True,True,True
anomaly_lockbox,one_day_negative_drop,2,CA_2,FOODS_1,2016-05-09,1,404.0,174.197,409.3309220899508,58.42577830808442,-7.615755540324386,114.9015,0.0391065984320383,-3.894140106271285,True,True,IF-3,0.6292477359977595,0.4416141053909614,0.1876336306067981,True,True,True
anomaly_lockbox,one_day_negative_drop,4,CA_2,FOODS_1,2016-05-09,1,404.0,0.0,409.3309220899508,58.42577830808442,-7.615755540324386,114.9015,0.0391065984320383,-6.875649382560998,True,True,IF-3,0.6835033146344895,0.4416141053909614,0.24188920924352814,True,True,True
anomaly_lockbox,two_day_positive_sustained_spike,2,CA_2,FOODS_1,2016-05-10,1,435.0,664.803,396.4938373129024,58.42577830808442,-7.615755540324386,114.9015,0.7894104205889558,4.72265712529228,True,True,IF-3,0.6343176516501466,0.4423676118488919,0.19195003980125475,True,True,True
anomaly_lockbox,two_day_positive_sustained_spike,2,CA_2,FOODS_1,2016-05-11,2,386.0,615.803,377.3282572211368,58.42577830808442,-7.615755540324386,114.9015,0.2787724663812283,4.2120191710845525,True,True,IF-3,0.6083109504809823,0.4019812084466652,0.2063297420343171,True,False,True
anomaly_lockbox,two_day_positive_sustained_spike,4,CA_2,FOODS_1,2016-05-10,1,435.0,894.606,396.4938373129024,58.42577830808442,-7.615755540324386,114.9015,0.7894104205889558,8.655903829995605,True,True,IF-3,0.7125341857029304,0.4423676118488919,0.27016657385403847,True,True,True
anomaly_lockbox,two_day_positive_sustained_spike,4,CA_2,FOODS_1,2016-05-11,2,386.0,845.606,377.3282572211368,58.42577830808442,-7.615755540324386,114.9015,0.2787724663812283,8.145265875787876,True,True,IF-3,0.7013345081932418,0.4019812084466652,0.29935329974657665,True,True,True
anomaly_lockbox,two_day_negative_sustained_drop,2,CA_2,FOODS_1,2016-05-12,1,494.0,264.197,381.11722639438744,58.42577830808442,-7.615755540324386,114.9015,2.0624206067146815,-1.8708260979886426,False,True,IF-3,0.49620589261626025,0.4825534744142586,0.013652418202001637,False,False,True
anomaly_lockbox,two_day_negative_sustained_drop,2,CA_2,FOODS_1,2016-05-13,2,683.0,453.197,448.70006328788145,58.42577830808442,-7.615755540324386,114.9015,4.1405643066798286,0.2073176019765046,False,False,IF-3,0.4053736580683768,0.5985175767863523,-0.19314391871797554,False,False,True
anomaly_lockbox,two_day_negative_sustained_drop,4,CA_2,FOODS_1,2016-05-12,1,494.0,34.394000000000005,381.11722639438744,58.42577830808442,-7.615755540324386,114.9015,2.0624206067146815,-5.804072802691968,True,True,IF-3,0.6640708995774712,0.4825534744142586,0.18151742516321262,True,True,True
anomaly_lockbox,two_day_negative_sustained_drop,4,CA_2,FOODS_1,2016-05-13,2,683.0,223.394,448.70006328788145,58.42577830808442,-7.615755540324386,114.9015,4.1405643066798286,-3.7259291027268198,True,True,IF-3,0.6077576256321742,0.5985175767863523,0.009240048845821858,True,False,True
anomaly_lockbox,three_day_positive_sustained_spike,2,CA_2,FOODS_1,2016-05-14,1,628.0,857.803,561.324187715819,58.42577830808442,-7.615755540324386,114.9015,1.2715546112669518,5.2048013159702755,True,True,IF-3,0.6207489092646579,0.4296185391198056,0.1911303701448523,True,False,True
anomaly_lockbox,three_day_positive_sustained_spike,2,CA_2,FOODS_1,2016-05-15,2,598.0,827.803,533.1437171553089,58.42577830808442,-7.615755540324386,114.9015,1.2404120318751064,5.17365873657843,True,True,IF-3,0.615783710991446,0.42275703486096783,0.1930266761304782,True,False,True
anomaly_lockbox,three_day_positive_sustained_spike,2,CA_2,FOODS_1,2016-05-16,3,468.0,697.803,393.7163769195716,58.42577830808442,-7.615755540324386,114.9015,1.4017678667263953,5.33501457142972,True,True,IF-3,0.6407615031845271,0.440238461700517,0.20052304148401007,True,True,True
anomaly_lockbox,three_day_positive_sustained_spike,4,CA_2,FOODS_1,2016-05-14,1,628.0,1087.606,561.324187715819,58.42577830808442,-7.615755540324386,114.9015,1.2715546112669518,9.1380480206736,True,True,IF-3,0.6973574316460306,0.4296185391198056,0.267738892526225,True,True,True
anomaly_lockbox,three_day_positive_sustained_spike,4,CA_2,FOODS_1,2016-05-15,2,598.0,1057.606,533.1437171553089,58.42577830808442,-7.615755540324386,114.9015,1.2404120318751064,9.106905441281754,True,True,IF-3,0.6928612488792362,0.42275703486096783,0.27010421401826834,True,True,True
anomaly_lockbox,three_day_positive_sustained_spike,4,CA_2,FOODS_1,2016-05-16,3,468.0,927.606,393.7163769195716,58.42577830808442,-7.615755540324386,114.9015,1.4017678667263953,9.268261276133044,True,True,IF-3,0.704575340148675,0.440238461700517,0.26433687844815795,True,True,True
anomaly_lockbox,three_day_negative_sustained_drop,2,CA_2,FOODS_1,2016-05-17,1,389.0,159.197,365.1606697461982,58.42577830808442,-7.615755540324386,114.9015,0.5383768381870869,-3.3948698665162373,True,True,IF-3,0.594467958927971,0.4014433924518703,0.19302456647610072,True,False,True
anomaly_lockbox,three_day_negative_sustained_drop,2,CA_2,FOODS_1,2016-05-18,2,388.0,158.197,365.9202910747706,58.42577830808442,-7.615755540324386,114.9015,0.5082596300038471,-3.424987074699477,True,True,IF-3,0.5930634329373389,0.4043642775023998,0.1886991554349391,True,False,True
anomaly_lockbox,three_day_negative_sustained_drop,2,CA_2,FOODS_1,2016-05-19,3,404.0,174.197,368.7902915952377,58.42577830808442,-7.615755540324386,114.9015,0.7329891904779451,-3.2002575142253793,True,True,IF-3,0.5906753706937742,0.40165248859598796,0.18902288209778623,True,False,True
anomaly_lockbox,three_day_negative_sustained_drop,4,CA_2,FOODS_1,2016-05-17,1,389.0,0.0,365.1606697461982,58.42577830808442,-7.615755540324386,114.9015,0.5383768381870869,-6.119643153412645,True,True,IF-3,0.670424677052527,0.4014433924518703,0.2689812846006567,True,True,True
anomaly_lockbox,three_day_negative_sustained_drop,4,CA_2,FOODS_1,2016-05-18,2,388.0,0.0,365.9202910747706,58.42577830808442,-7.615755540324386,114.9015,0.5082596300038471,-6.132644628969665,True,True,IF-3,0.6666717381339152,0.4043642775023998,0.26230746063151544,True,True,True
anomaly_lockbox,three_day_negative_sustained_drop,4,CA_2,FOODS_1,2016-05-19,3,404.0,0.0,368.7902915952377,58.42577830808442,-7.615755540324386,114.9015,0.7329891904779451,-6.181766790515093,True,True,IF-3,0.6731239759770565,0.40165248859598796,0.2714714873810686,True,True,True
anomaly_lockbox,one_day_positive_spike,2,CA_2,FOODS_2,2016-04-26,1,436.0,947.4970000000001,397.74110411244624,43.903159435122355,-12.024618362151116,255.7485,1.1453279193724328,12.795901740964064,True,True,IF-3,0.7017363950507629,0.420067037287171,0.2816693577635919,True,True,True
anomaly_lockbox,one_day_positive_spike,4,CA_2,FOODS_2,2016-04-26,1,436.0,1458.9940000000001,397.74110411244624,43.903159435122355,-12.024618362151116,255.7485,1.1453279193724328,24.446475562555694,True,True,IF-3,0.7256520542916787,0.420067037287171,0.3055850170045077,True,True,True
anomaly_lockbox,one_day_negative_drop,2,CA_2,FOODS_2,2016-04-27,1,359.0,0.0,396.60316063892986,43.903159435122355,-12.024618362151116,255.7485,-0.5826127915595071,-8.759700833036574,True,True,IF-3,0.6750296427457065,0.40644732520440435,0.2685823175413022,True,True,True
anomaly_lockbox,one_day_negative_drop,4,CA_2,FOODS_2,2016-04-27,1,359.0,0.0,396.60316063892986,43.903159435122355,-12.024618362151116,255.7485,-0.5826127915595071,-8.759700833036574,True,True,IF-3,0.6750296427457065,0.40644732520440435,0.2685823175413022,True,True,True
anomaly_lockbox,two_day_positive_sustained_spike,2,CA_2,FOODS_2,2016-04-28,1,376.0,887.4970000000001,394.1494398174993,43.903159435122355,-12.024618362151116,255.7485,-0.1395075328097762,11.511066288781853,True,True,IF-3,0.709733918607645,0.3972106033903876,0.3125233152172574,True,True,True
anomaly_lockbox,two_day_positive_sustained_spike,2,CA_2,FOODS_2,2016-04-29,2,421.0,932.4970000000001,450.3875557337945,43.903159435122355,-12.024618362151116,255.7485,-0.3954826394055162,11.255091182186113,True,True,IF-3,0.6994109302938368,0.40827866549430586,0.29113226479953097,True,True,True
anomaly_lockbox,two_day_positive_sustained_spike,4,CA_2,FOODS_2,2016-04-28,1,376.0,1398.9940000000001,394.1494398174993,43.903159435122355,-12.024618362151116,255.7485,-0.1395075328097762,23.161640110373483,True,True,IF-3,0.7353391413220015,0.3972106033903876,0.3381285379316139,True,True,True
anomaly_lockbox,two_day_positive_sustained_spike,4,CA_2,FOODS_2,2016-04-29,2,421.0,1443.9940000000001,450.3875557337945,43.903159435122355,-12.024618362151116,255.7485,-0.3954826394055162,22.905665003777745,True,True,IF-3,0.733052380019364,0.40827866549430586,0.32477371452505815,True,True,True
anomaly_lockbox,two_day_negative_sustained_drop,2,CA_2,FOODS_2,2016-04-30,1,597.0,85.50299999999999,609.2593956555653,43.903159435122355,-12.024618362151116,255.7485,-0.0053476172657032,-11.65592143885733,True,True,IF-3,0.725510751206082,0.532946224113404,0.19256452709267802,True,True,True
anomaly_lockbox,two_day_negative_sustained_drop,2,CA_2,FOODS_2,2016-05-01,2,758.0,246.503,704.6251483299537,43.903159435122355,-12.024618362151116,255.7485,1.4896301513070165,-10.160943670284611,True,True,IF-3,0.7327505489710606,0.6005235137122977,0.1322270352587629,True,True,True
anomaly_lockbox,two_day_negative_sustained_drop,4,CA_2,FOODS_2,2016-04-30,1,597.0,0.0,609.2593956555653,43.903159435122355,-12.024618362151116,255.7485,-0.0053476172657032,-13.603457814373803,True,True,IF-3,0.7326279468617048,0.532946224113404,0.19968172274830087,True,True,True
anomaly_lockbox,two_day_negative_sustained_drop,4,CA_2,FOODS_2,2016-05-01,2,758.0,0.0,704.6251483299537,43.903159435122355,-12.024618362151116,255.7485,1.4896301513070165,-15.775642092257371,True,True,IF-3,0.7528321414945081,0.6005235137122977,0.15230862778221033,True,True,True
anomaly_lockbox,three_day_positive_sustained_spike,2,CA_2,FOODS_2,2016-05-02,1,625.0,1136.497,502.47181876191326,43.903159435122355,-12.024618362151116,255.7485,3.064763477878454,14.715337299470084,True,True,IF-3,0.7348150858548408,0.5607445792025124,0.17407050665232837,True,True,True
anomaly_lockbox,three_day_positive_sustained_spike,2,CA_2,FOODS_2,2016-05-03,2,459.0,970.4970000000001,468.6634108476359,43.903159435122355,-12.024618362151116,255.7485,0.0537821775219732,11.704355999113604,True,True,IF-3,0.7134200238779832,0.43034761844899133,0.28307240542899187,True,True,True
anomaly_lockbox,three_day_positive_sustained_spike,2,CA_2,FOODS_2,2016-05-04,3,557.0,1068.497,454.0775185782229,43.903159435122355,-12.024618362151116,255.7485,2.6181965321605314,14.268770353752162,True,True,IF-3,0.7328377509051821,0.5472887828713606,0.18554896803382148,True,True,True
anomaly_lockbox,three_day_positive_sustained_spike,4,CA_2,FOODS_2,2016-05-02,1,625.0,1647.9940000000001,502.47181876191326,43.903159435122355,-12.024618362151116,255.7485,3.064763477878454,26.365911121061714,True,True,IF-3,0.7465150264108478,0.5607445792025124,0.18577044720833535,True,True,True
anomaly_lockbox,three_day_positive_sustained_spike,4,CA_2,FOODS_2,2016-05-03,2,459.0,1481.9940000000001,468.6634108476359,43.903159435122355,-12.024618362151116,255.7485,0.0537821775219732,23.35492982070523,True,True,IF-3,0.7421408244012822,0.43034761844899133,0.3117932059522908,True,True,True
anomaly_lockbox,three_day_positive_sustained_spike,4,CA_2,FOODS_2,2016-05-04,3,557.0,1579.9940000000001,454.0775185782229,43.903159435122355,-12.024618362151116,255.7485,2.6181965321605314,25.91934417534379,True,True,IF-3,0.7444014763693586,0.5472887828713606,0.19711269349799798,True,True,True
anomaly_lockbox,three_day_negative_sustained_drop,2,CA_2,FOODS_2,2016-05-05,1,433.0,0.0,454.27630469981415,43.903159435122355,-12.024618362151116,255.7485,-0.2107293975353791,-10.073345336141422,True,True,IF-3,0.7283431466333065,0.578735215694357,0.14960793093894942,True,True,True
anomaly_lockbox,three_day_negative_sustained_drop,2,CA_2,FOODS_2,2016-05-06,2,556.0,44.502999999999986,515.6545076109863,43.903159435122355,-12.024618362151116,255.7485,1.1928551709030055,-10.457718650688623,True,True,IF-3,0.6950800766761759,0.4511906594458858,0.24388941723029006,True,True,True
anomaly_lockbox,three_day_negative_sustained_drop,2,CA_2,FOODS_2,2016-05-07,3,802.0,290.503,682.6570615977755,43.903159435122355,-12.024618362151116,255.7485,2.9922119149193183,-8.65836190667231,True,True,IF-3,0.674004142516438,0.5413563094400554,0.13264783307638262,True,True,True
anomaly_lockbox,three_day_negative_sustained_drop,4,CA_2,FOODS_2,2016-05-05,1,433.0,0.0,454.27630469981415,43.903159435122355,-12.024618362151116,255.7485,-0.2107293975353791,-10.073345336141422,True,True,IF-3,0.7283431466333065,0.578735215694357,0.14960793093894942,True,True,True
anomaly_lockbox,three_day_negative_sustained_drop,4,CA_2,FOODS_2,2016-05-06,2,556.0,0.0,515.6545076109863,43.903159435122355,-12.024618362151116,255.7485,1.1928551709030055,-11.47138146157958,True,True,IF-3,0.7030497162916352,0.4511906594458858,0.25185905684574933,True,True,True
anomaly_lockbox,three_day_negative_sustained_drop,4,CA_2,FOODS_2,2016-05-07,3,802.0,0.0,682.6570615977755,43.903159435122355,-12.024618362151116,255.7485,2.9922119149193183,-15.275266105316353,True,True,IF-3,0.719450277855746,0.5413563094400554,0.17809396841569058,True,True,True
anomaly_lockbox,one_day_positive_spike,2,CA_2,FOODS_3,2016-05-08,1,2222.0,3408.08,2411.464746673879,150.89724421751322,19.21992394083884,593.04,-1.382958792235502,6.477224514295306,True,True,IF-3,0.7762201621209429,0.673565490653361,0.10265467146758189,True,True,True
anomaly_lockbox,one_day_positive_spike,4,CA_2,FOODS_3,2016-05-08,1,2222.0,4594.16,2411.464746673879,150.89724421751322,19.21992394083884,593.04,-1.382958792235502,14.337407820826115,True,True,IF-3,0.7769093354664655,0.673565490653361,0.10334384481310444,True,True,True
anomaly_lockbox,one_day_negative_drop,2,CA_2,FOODS_3,2016-05-09,1,1719.0,532.9200000000001,1840.763639793008,150.89724421751322,19.21992394083884,593.04,-0.9343017791009082,-8.794485085631717,True,True,IF-3,0.7313762080767495,0.533704805783493,0.19767140229325653,True,True,True
anomaly_lockbox,one_day_negative_drop,4,CA_2,FOODS_3,2016-05-09,1,1719.0,0.0,1840.763639793008,150.89724421751322,19.21992394083884,593.04,-0.9343017791009082,-12.326159920142373,True,True,IF-3,0.7313762080767495,0.533704805783493,0.19767140229325653,True,True,True
anomaly_lockbox,two_day_positive_sustained_spike,2,CA_2,FOODS_3,2016-05-10,1,1755.0,2941.08,1721.310275902217,150.89724421751322,19.21992394083884,593.04,0.0958917456178753,7.956075052148683,True,True,IF-3,0.7497207939119581,0.48437920843351984,0.2653415854784383,True,True,True
anomaly_lockbox,two_day_positive_sustained_spike,2,CA_2,FOODS_3,2016-05-11,2,1681.0,2867.08,1618.5471197712684,150.89724421751322,19.21992394083884,593.04,0.2865059366198493,8.146689243150657,True,True,IF-3,0.7405275771477516,0.46870911637022583,0.2718184607775258,True,True,True
anomaly_lockbox,two_day_positive_sustained_spike,4,CA_2,FOODS_3,2016-05-10,1,1755.0,4127.16,1721.310275902217,150.89724421751322,19.21992394083884,593.04,0.0958917456178753,15.816258358679494,True,True,IF-3,0.7497207939119581,0.48437920843351984,0.2653415854784383,True,True,True
anomaly_lockbox,two_day_positive_sustained_spike,4,CA_2,FOODS_3,2016-05-11,2,1681.0,4053.16,1618.5471197712684,150.89724421751322,19.21992394083884,593.04,0.2865059366198493,16.006872549681464,True,True,IF-3,0.7405275771477516,0.46870911637022583,0.2718184607775258,True,True,True
anomaly_lockbox,two_day_negative_sustained_drop,2,CA_2,FOODS_3,2016-05-12,1,1584.0,397.9200000000001,1626.7228343562788,150.89724421751322,19.21992394083884,593.04,-0.4104962858554875,-8.270679592386294,True,True,IF-3,0.729232715249717,0.45834286125982493,0.27088985398989207,True,True,True
anomaly_lockbox,two_day_negative_sustained_drop,2,CA_2,FOODS_3,2016-05-13,2,2062.0,875.9200000000001,1981.6560508297837,150.89724421751322,19.21992394083884,593.04,0.4050705203155964,-7.455112786215214,True,True,IF-3,0.7326469259094116,0.4924035365780419,0.24024338933136968,True,True,True
anomaly_lockbox,two_day_negative_sustained_drop,4,CA_2,FOODS_3,2016-05-12,1,1584.0,0.0,1626.7228343562788,150.89724421751322,19.21992394083884,593.04,-0.4104962858554875,-10.907705881788983,True,True,IF-3,0.729232715249717,0.45834286125982493,0.27088985398989207,True,True,True
anomaly_lockbox,two_day_negative_sustained_drop,4,CA_2,FOODS_3,2016-05-13,2,2062.0,0.0,1981.6560508297837,150.89724421751322,19.21992394083884,593.04,0.4050705203155964,-13.259857627926117,True,True,IF-3,0.7326469259094116,0.4924035365780419,0.24024338933136968,True,True,True
anomaly_lockbox,three_day_positive_sustained_spike,2,CA_2,FOODS_3,2016-05-14,1,2723.0,3909.08,2517.185490182853,150.89724421751322,19.21992394083884,593.04,1.236567220587134,9.096750527117942,True,True,IF-3,0.7469393806445292,0.5592061186945007,0.1877332619500286,True,True,True
anomaly_lockbox,three_day_positive_sustained_spike,2,CA_2,FOODS_3,2016-05-15,2,2806.0,3992.08,2554.175517645059,150.89724421751322,19.21992394083884,593.04,1.54147651681969,9.4016598233505,True,True,IF-3,0.7454791393680652,0.5701302317372628,0.17534890763080235,True,True,True
anomaly_lockbox,three_day_positive_sustained_spike,2,CA_2,FOODS_3,2016-05-16,3,1910.0,3096.08,1733.039875250856,150.89724421751322,19.21992394083884,593.04,1.0453484530236232,8.90553175955443,True,True,IF-3,0.7414748620213475,0.5312489097379365,0.210225952283411,True,True,True
anomaly_lockbox,three_day_positive_sustained_spike,4,CA_2,FOODS_3,2016-05-14,1,2723.0,5095.16,2517.185490182853,150.89724421751322,19.21992394083884,593.04,1.236567220587134,16.95693383364875,True,True,IF-3,0.7469393806445292,0.5592061186945007,0.1877332619500286,True,True,True
anomaly_lockbox,three_day_positive_sustained_spike,4,CA_2,FOODS_3,2016-05-15,2,2806.0,5178.16,2554.175517645059,150.89724421751322,19.21992394083884,593.04,1.54147651681969,17.261843129881306,True,True,IF-3,0.7454791393680652,0.5701302317372628,0.17534890763080235,True,True,True
anomaly_lockbox,three_day_positive_sustained_spike,4,CA_2,FOODS_3,2016-05-16,3,1910.0,4282.16,1733.039875250856,150.89724421751322,19.21992394083884,593.04,1.0453484530236232,16.76571506608524,True,True,IF-3,0.7414748620213475,0.5312489097379365,0.210225952283411,True,True,True
anomaly_lockbox,three_day_negative_sustained_drop,2,CA_2,FOODS_3,2016-05-17,1,1800.0,613.9200000000001,1565.317365600208,150.89724421751322,19.21992394083884,593.04,1.4278770402749774,-6.432306266255831,True,True,IF-3,0.7250270662031221,0.5466849209765281,0.17834214522659397,True,True,True
anomaly_lockbox,three_day_negative_sustained_drop,2,CA_2,FOODS_3,2016-05-18,2,1773.0,586.9200000000001,1537.0387541474863,150.89724421751322,19.21992394083884,593.04,1.4363504319485745,-6.423832874582232,True,True,IF-3,0.7220498549875554,0.5567920088849282,0.16525784610262717,True,True,True
anomaly_lockbox,three_day_negative_sustained_drop,2,CA_2,FOODS_3,2016-05-19,3,1820.0,633.9200000000001,1509.6035312696215,150.89724421751322,19.21992394083884,593.04,1.9296346086335308,-5.930548697897276,True,True,IF-3,0.7269665564038825,0.6039906792777473,0.12297587712613522,True,True,True
anomaly_lockbox,three_day_negative_sustained_drop,4,CA_2,FOODS_3,2016-05-17,1,1800.0,0.0,1565.317365600208,150.89724421751322,19.21992394083884,593.04,1.4278770402749774,-10.50077022783127,True,True,IF-3,0.7265997033522456,0.5466849209765281,0.17991478237571745,True,True,True
anomaly_lockbox,three_day_negative_sustained_drop,4,CA_2,FOODS_3,2016-05-18,2,1773.0,0.0,1537.0387541474863,150.89724421751322,19.21992394083884,593.04,1.4363504319485745,-10.313367127136077,True,True,IF-3,0.723460977518666,0.5567920088849282,0.1666689686337378,True,True,True
anomaly_lockbox,three_day_negative_sustained_drop,4,CA_2,FOODS_3,2016-05-19,3,1820.0,0.0,1509.6035312696215,150.89724421751322,19.21992394083884,593.04,1.9296346086335308,-10.131553184673894,True,True,IF-3,0.7283872877841597,0.6039906792777473,0.12439660850641243,True,True,True
