store_id,dept_id,residual_count,mean_residual,median_residual,residual_mad,robust_daily_scale,residual_std,positive_residual_share,skewness,q90,q95,q975,q99,top_1pct_abs_share
CA_1,FOODS_1,196.0,-15.075759644833058,-19.293611246672384,41.59376109095851,61.66691019345508,63.09622922544898,0.37244897959183676,0.3475126668810746,59.00520231184973,79.85699772588036,106.47589701527042,184.31727018590342,0.0377734423591848
CA_1,FOODS_2,196.0,4.4944578152785875,-0.602788237416604,36.734040627207236,54.461888633897445,58.971784620850926,0.49489795918367346,-0.027932989890029035,85.31182979647497,104.0744183922624,112.17035672910023,120.60938033320433,0.030795996647596385
CA_1,FOODS_3,196.0,23.086529061750394,16.131308947401862,134.3404220421737,199.17310971972674,210.9195421305928,0.5255102040816326,0.3303848986394858,280.44892903248603,342.1496287152972,511.93931479443154,614.3536294984017,0.043049850844413165
CA_1,HOBBIES_1,196.0,19.5241728291817,18.13824074331498,47.45564850475711,70.35774447315288,69.06643120124009,0.6173469387755102,0.19762451632361563,110.33837169010147,134.32420610416364,158.42184373914574,186.19991409679812,0.03718120258750127
CA_1,HOBBIES_2,196.0,0.26214872709305276,-1.4252884101740548,9.85799291289236,14.615460292654213,15.399617088006547,0.4489795918367347,1.2211656646510793,19.133274539796638,27.30441942315977,39.58808461317629,45.56988287260933,0.055846169112502356
CA_1,HOUSEHOLD_1,196.0,16.069808002122315,5.057579073015518,45.87883695523766,68.01996366983535,72.60813053425656,0.5204081632653061,0.7378391258338529,118.21995182776112,160.1432386537729,170.4772890008672,187.41647787913485,0.047391935641276736
CA_1,HOUSEHOLD_2,196.0,0.4715949924966589,-5.0839400003279,17.10011088336759,25.352624395680788,30.27789039413575,0.41836734693877553,0.5365101843964932,42.55254572755514,56.411811684716994,69.22599144747994,82.31205701133764,0.03776999755320922
CA_2,FOODS_1,196.0,10.477437017060234,4.410219849485486,43.50279002282275,64.497236487837,74.42520396041158,0.5306122448979592,0.8668261330600966,101.16691486671843,153.03163743586853,168.76267104000598,235.56927698882828,0.05179589928498101
CA_2,FOODS_2,196.0,9.40604246143728,-6.647134728303989,32.368056172372434,47.988880081159365,60.57178160300321,0.4642857142857143,0.9510194278297167,102.83056418225408,136.73070374920366,159.60454774480058,181.90798519776462,0.04236174225131277
CA_2,FOODS_3,196.0,27.18346193899615,23.14187730141657,102.26265589660431,151.61461363230555,176.0326148393479,0.5714285714285714,0.1015771262934221,237.55891104126135,293.429496625821,388.27219647339814,473.1758057641143,0.04687206741244966
CA_2,HOBBIES_1,196.0,1.8224826140449695,-2.8834231964750927,35.155956455887946,52.122221041499465,57.31322087731715,0.4744897959183674,0.5303074992335126,71.71642537660915,96.24643263240196,126.65138555476969,150.99488518406756,0.047287517542055145
CA_2,HOBBIES_2,196.0,2.512589434779363,-1.5065762576878257,9.65102357740722,14.308607555863942,17.875882068334377,0.45408163265306123,1.3534546561306098,25.87261765662571,34.127232799599724,48.513473530100256,61.97734418233389,0.05767583100241747
CA_2,HOUSEHOLD_1,196.0,8.846492964608503,3.0758722148558206,47.50242364135187,70.42709329066828,86.1583604323268,0.5204081632653061,0.9702418576083738,103.85545829047709,182.3601700939793,233.62661332925825,267.92740068782314,0.051020096110573246
CA_2,HOUSEHOLD_2,196.0,4.178818172354972,-0.9015471463175119,21.313127605217886,31.598842987496035,39.29624593015249,0.4846938775510204,0.997793197047486,52.97853130342091,68.47496372109445,89.5433895536549,131.8768402081677,0.057014204331239625
CA_3,FOODS_1,196.0,-10.324067164080079,-10.963225900431524,57.005740575399386,84.51671097708713,82.51491176078525,0.413265306122449,0.4490898457688443,96.79095971978015,136.50856022987378,160.9900971348978,217.60080540508827,0.03712580777479724
CA_3,FOODS_2,196.0,24.393625223027968,19.32929378433107,60.30496607303485,89.40814269988147,83.7355587179383,0.576530612244898,0.17228464922277162,138.77102841694938,175.72681920780227,194.4951393661059,205.7955615305895,0.03259757840664025
CA_3,FOODS_3,196.0,-48.69578817129907,-99.70089216060046,177.11533481713923,262.5911953998906,317.7186427643066,0.34183673469387754,0.8520574119008612,409.84529354168114,556.146177809509,660.8944402122836,927.0635630211102,0.04036139544238676
CA_3,HOBBIES_1,196.0,-12.95560343121562,-17.284551210056833,48.584548754680384,72.03145198368914,79.33755606640969,0.4336734693877551,0.4144455725724001,91.0087375279918,127.13212277610624,161.56489829663016,206.57735595253396,0.03642090143656977
CA_3,HOBBIES_2,196.0,8.408460669669063,5.9958096885073715,11.824488114226863,17.530986078152747,19.7681884760331,0.6173469387755102,1.018437268265182,35.670528602570286,46.67123733330807,57.428116775699074,70.08531969850043,0.05076904924175015
CA_3,HOUSEHOLD_1,196.0,10.100759853939149,10.772075366960053,90.3091173850678,133.8922974351015,138.48203579764566,0.5204081632653061,0.5990378183383944,182.16287691981233,251.73821495253924,297.8183335525404,428.3267382107948,0.046290095005874034
CA_3,HOUSEHOLD_2,196.0,9.897634825836017,6.711384836731298,24.59293604665001,36.461486982763304,41.035077379748444,0.6020408163265306,0.06627697956268305,59.88312307107134,75.12511588743335,87.23345521317106,122.00521829773524,0.043459786737545636
CA_4,FOODS_1,196.0,-5.059328838474793,-6.7921501628499215,28.08952581399977,41.64553097183606,41.53209407446875,0.4030612244897959,0.24717815014355202,47.57480145293155,66.1831029045129,85.14726033343689,100.45521196606757,0.04214720565782612
CA_4,FOODS_2,196.0,2.8846395880531057,1.6868153598325932,27.14676900574389,40.24779972791589,41.33401358640316,0.5255102040816326,0.1978321630207073,53.05887245238188,71.34166168991592,83.21787896496281,111.22735284628273,0.04221241679285534
CA_4,FOODS_3,196.0,-7.946987679198454,-20.564469341628865,82.83956872779777,122.81794459583297,119.6730141743066,0.4387755102040816,0.48402207298657773,168.01732790508072,214.77754056124488,235.614098310899,307.1191013181254,0.0365576265900713
CA_4,HOBBIES_1,196.0,15.369277970419729,17.797473947712007,44.98346205820138,66.69248084748936,66.770677438435,0.5867346938775511,0.3807904073634569,103.19048829096675,124.34019187074159,162.0106756844443,195.29290054034652,0.041734452969167016
CA_4,HOBBIES_2,196.0,-3.0293905206290845,-4.853258986152097,5.516812523555503,8.179226247423388,10.040475014072662,0.32142857142857145,1.353756615362375,8.774769467713542,15.442662442827238,20.6990692713244,34.74701714089981,0.047807610056606185
CA_4,HOUSEHOLD_1,196.0,0.4732503867342278,-0.5125904054322916,27.446773223557045,40.69258598124567,40.38668981649546,0.49489795918367346,0.08130995257666608,53.14125190724488,62.64337484969269,76.82256547238129,85.44204060462414,0.03647031879472327
CA_4,HOUSEHOLD_2,196.0,-0.022333053362093343,-1.7121137630641527,11.315396448391532,16.776206774385283,17.566357690549516,0.44387755102040816,0.3218326659314282,24.628213092922053,33.055712143990775,35.91127585532923,41.03270536443255,0.034183591052073976
TX_1,FOODS_1,196.0,5.86779429721004,-0.9311714245148295,36.50129950167778,54.11682664118747,57.6477486839108,0.49489795918367346,0.5291538508521448,86.76605532125947,115.02598849510667,125.79418367956274,159.3078106462704,0.04013021466736913
TX_1,FOODS_2,196.0,-6.197372899336988,-7.186717777808838,31.20890428565167,46.27032149390716,45.61854671310924,0.4336734693877551,0.12678111855679602,48.74696573140238,68.73638133694024,89.4933350673574,103.13065615109427,0.0313660771072675
TX_1,FOODS_3,196.0,-24.606479394185737,-31.405419510436786,107.07598465532374,158.75085484998297,150.37000538277655,0.4030612244897959,0.16202888668085777,170.65605342821368,238.6298298986609,274.6520492356942,327.30383028581923,0.032872753889013326
TX_1,HOBBIES_1,196.0,8.771653654081401,1.6634564539410945,29.001335081115414,42.99737939126171,47.673547131583724,0.5204081632653061,0.873333555394135,73.42007759268532,99.92895674631653,122.18309121188173,139.252980804944,0.04740364229053578
TX_1,HOBBIES_2,196.0,4.506957636029551,2.421731701345786,10.41278207637724,15.437990706436896,16.46317382701677,0.5969387755102041,0.855733107503505,26.124242811641082,34.30548948512947,36.98196265941362,55.9339947281845,0.05350843755891596
TX_1,HOUSEHOLD_1,196.0,25.754894157725538,19.80622775937286,48.36902802588162,71.71192095117209,77.95797916772781,0.6173469387755102,0.7806918437653796,119.82146889748697,161.01912432760938,185.57269112122097,252.07668031280667,0.05370837344797748
TX_1,HOUSEHOLD_2,196.0,3.539517899828582,0.9005215324417222,16.55245471521998,24.54066936078514,26.99505776358602,0.5306122448979592,0.027126410612388716,36.059995666110424,52.32752351997601,63.67369320554147,68.5144056630455,0.04155976070296539
TX_2,FOODS_1,196.0,-12.440647531046945,-20.051796710071216,36.62710253714846,54.3033422215763,55.416540062727854,0.3826530612244898,0.5731311801783296,56.20632395064982,79.89708674322277,100.50920900590009,125.95744617070368,0.04014103507119362
TX_2,FOODS_2,196.0,-6.426319083170118,-0.35940548666789596,33.61369574052827,49.83566530490721,49.08555524031419,0.5,-0.21681518564784732,49.88408918719989,66.98480325288253,84.38251563844858,104.96819677871565,0.0389788110663154
TX_2,FOODS_3,196.0,-17.337670969808254,-25.125294482831464,138.64724928286398,205.55841178677412,174.96663876666804,0.4489795918367347,-0.16185173344223064,215.74307333393767,259.9986424805188,289.92640778613725,316.87216222839186,0.03635015275320699
TX_2,HOBBIES_1,196.0,10.85324363507706,11.176763694359067,36.99277904926345,54.845494218437985,55.103611733790004,0.5867346938775511,0.08236231528265969,78.8810166673716,98.86680150297609,111.79279401104844,141.64229248583538,0.03928987737571063
TX_2,HOBBIES_2,196.0,5.116757171239517,2.2786053012012957,11.44384728732837,16.966647988193042,18.807966369048195,0.5612244897959183,0.8800000479238147,29.684411975460073,39.31451350530603,47.81809466055876,58.88320423024882,0.05142812255384823
TX_2,HOUSEHOLD_1,196.0,5.582435721540864,4.134974924442531,52.24867091331106,77.46387949607497,78.28348958524408,0.5255102040816326,0.09328663696548554,102.38929584096888,128.53478643853563,168.9927017558932,195.2968339923994,0.03763939376306577
TX_2,HOUSEHOLD_2,196.0,4.322079203437102,2.96387329646042,15.768703938585448,23.378680459346782,28.69662371697841,0.5255102040816326,0.6437365123714738,41.501305076918754,53.632895329587654,70.02408931741006,89.43411164256696,0.05117507929495502
TX_3,FOODS_1,196.0,6.005792390713425,0.8865680120515975,35.821023705650276,53.1082497459971,62.28048075699282,0.5051020408163265,0.9441612334265864,81.35205818298925,112.43690091519636,143.62760381909126,205.11291420388267,0.0558487710760025
TX_3,FOODS_2,196.0,10.061504465361084,4.359581650712357,38.9348274852039,57.72477522956329,59.11459057171066,0.5357142857142857,0.24133416753894865,84.36169445969429,108.81604898970028,130.07830377913479,147.68020413958322,0.04007031507138242
TX_3,FOODS_3,196.0,40.71918786641087,40.33550006835992,120.73030267837385,178.99474675095706,171.02025100564796,0.5969387755102041,-0.2482486100988242,247.93663588826087,300.74551826893804,359.953886130023,376.0715357826573,0.03341403630896543
TX_3,HOBBIES_1,196.0,13.200099322355625,15.203725840623378,29.174072332154907,43.25347963965286,46.72491641257475,0.6173469387755102,0.30972626878406984,70.03649590994075,86.119423890987,106.09139609543305,139.61576250206582,0.04559502690292908
TX_3,HOBBIES_2,196.0,9.709121998497894,5.158204388232139,11.98409987115852,17.76762646897962,19.850913967711197,0.6581632653061225,1.1809045398933804,40.04688701267036,45.02732860564521,49.979721848350955,64.01416510372732,0.05842975091733433
TX_3,HOUSEHOLD_1,196.0,22.904234287121557,19.464014825213383,63.125973684418796,93.5905685845193,98.13811219155578,0.576530612244898,0.32639599693134896,150.66162705409943,197.54482283786638,212.13629897264778,253.36838451821913,0.045425383392201764
TX_3,HOUSEHOLD_2,196.0,6.432111255622718,8.58587732890011,13.247883365880334,19.641311878254182,20.108762803282822,0.6581632653061225,-0.147632805765227,30.23904109576037,40.85333698548581,44.670607650293086,47.478133049456595,0.033532616794331054
WI_1,FOODS_1,196.0,-6.4134882446817345,-9.962968428404935,37.48802656686655,55.57974818803635,56.50109428205332,0.4030612244897959,0.11339108154259302,69.04920430275067,94.25136921687461,104.64980685270805,111.23800795141999,0.03139442399945197
WI_1,FOODS_2,196.0,24.984702759302206,13.518371491533685,41.2053589013627,61.09106510716034,72.15087524890784,0.5816326530612245,0.5405822224467093,132.97705003845815,150.16135421822293,175.79538262251145,213.44175653702257,0.04405870320731753
WI_1,FOODS_3,196.0,11.16498608258981,14.054907925260636,102.45706808387354,151.9028491411509,169.4328890709668,0.5561224489795918,-0.046865091952356504,208.4374423768677,258.1253027820923,318.085654191205,435.74462104006176,0.04372820049409454
WI_1,HOBBIES_1,196.0,0.9426145555544333,-5.8180843954198735,41.21293658751196,61.10229978464523,59.12026015634784,0.46938775510204084,0.27902609221336017,77.00480389258314,98.96438012493408,122.98943684004489,135.68967474673485,0.03926398255286922
WI_1,HOBBIES_2,196.0,-1.8858686997898149,-2.88559691765634,9.096004863422412,13.485736810510067,13.974746364722174,0.4387755102040816,0.09297853025187146,14.919881898797858,21.909705148877755,26.707416010907732,34.57072442715511,0.03679489307865473
WI_1,HOUSEHOLD_1,196.0,-9.961045898329305,-13.306572359650914,44.31464922131559,65.70089893552249,68.43679497807301,0.3877551020408163,0.4118805442514616,78.99843294056922,113.53721285127531,145.94689913227955,153.15438920575863,0.04520276504344257
WI_1,HOUSEHOLD_2,196.0,-2.24780569835988,-3.1111685112674508,15.8068338465945,23.435211860961005,23.515830476631265,0.4336734693877551,0.32513818373428593,25.322181998078193,38.95230021739769,49.663532103219765,61.085970427027426,0.039318584881687386
WI_2,FOODS_1,196.0,9.336959189572305,3.45467506832523,54.08638037113303,80.18846753824182,79.93038489523194,0.5102040816326531,0.22981670310642552,109.23491010535469,141.74280934524137,182.74988545444575,207.82913555982057,0.03403026947053938
WI_2,FOODS_2,196.0,43.78436392621034,26.27939420494647,95.50387306854128,141.5940422114193,186.07430718140102,0.5612244897959183,0.50750582045334,296.6251015504328,419.70714501370236,467.70452788459806,509.39050033327163,0.04260714555174837
WI_2,FOODS_3,196.0,21.032993394081284,-6.199487986040367,147.3987781637178,218.53342850552798,227.36250883644337,0.4897959183673469,0.4664500845090981,303.1657991292727,401.9852764713614,548.4738982382087,608.818216493753,0.04222415756179906
WI_2,HOBBIES_1,196.0,6.079324427797281,4.146210925118098,27.384969405918667,40.600955641215016,39.30604457107614,0.5408163265306123,0.2193488174977671,61.90892897650362,75.1156825373569,80.56736723720519,105.4742902538086,0.03472309447644405
WI_2,HOBBIES_2,196.0,-0.405404490083821,-4.155420620695498,7.337237843819103,10.8781888272462,15.523377674071106,0.3877551020408163,1.7265941185999678,17.419798465998703,34.15113787276641,39.82010083176017,54.980619186802436,0.061524841768181536
WI_2,HOUSEHOLD_1,196.0,36.78715218080184,29.407311915645494,90.12255046486905,133.61569331921484,151.14968863681887,0.5714285714285714,1.0108862944694865,217.09335569071396,295.77414677582584,392.74818076184465,432.8439376765658,0.05966917522767122
WI_2,HOUSEHOLD_2,196.0,2.6224016400741488,1.65168718962736,14.87211342006055,22.049395356581773,20.901129944591947,0.5357142857142857,0.3860615836403324,29.347513264012782,41.70380435249426,49.74350082712061,55.531315300281335,0.0357463768860526
WI_3,FOODS_1,196.0,4.467008498507933,-2.9011809672511646,35.96819206127786,53.32644155005055,59.584599410376455,0.4846938775510204,0.6965754571595041,84.05025397128362,117.7829512113801,147.99389868158505,176.28314462645554,0.0413740955676018
WI_3,FOODS_2,196.0,18.475766207901174,16.12530927846919,40.137203990042565,59.5074186356371,62.06893890221108,0.6020408163265306,0.08759423305382327,90.94156414386461,129.1683526288991,140.00537837308843,156.36080743495052,0.0396038320808185
WI_3,FOODS_3,196.0,30.09775978213791,21.262244224030837,105.13265325426892,155.8696717147791,177.12564316445585,0.5357142857142857,0.6775416141265208,261.13864912640975,325.2379903081334,410.3704745754774,490.2010197300102,0.05293823382457471
WI_3,HOBBIES_1,196.0,3.558654007127399,0.7906245843298478,30.462164032408694,45.163204394449124,49.3405668294861,0.5102040816326531,0.381813183343199,66.32494593849447,87.28431412465298,105.78295887998496,120.84693010285277,0.04220644452934377
WI_3,HOBBIES_2,196.0,1.810580581444003,-0.4469247879465872,8.108681792074554,12.021931624929733,13.424843082411579,0.4846938775510204,0.6141422172900803,18.464248268285274,27.710780561537227,32.276850541739506,37.95054142713583,0.042791064079983496
WI_3,HOUSEHOLD_1,196.0,11.63444361288783,8.813325995676337,48.37369855329746,71.71884547511881,77.41091641494262,0.5459183673469388,0.42901034086974504,108.66133514799554,144.95467215740842,157.28572368493067,219.8710012398929,0.04915793708614417
WI_3,HOUSEHOLD_2,196.0,4.3747076700203245,1.892708255842848,14.813455611294671,21.96242928930548,22.6340022000932,0.5204081632653061,0.6878024300715303,31.14415062575783,45.688748305325404,51.83506419778134,71.00589333532024,0.048824465230622005
